PC1,PC2
-63.32719894828527,0.13548198724345706
-63.3619623100452,0.1477392339361081
-63.338766708539296,0.18619833829244192
-63.33113666479373,0.05957291083386851
-63.37435434011564,0.1963326560840265
-63.37904217455677,0.16975326827325188
-63.32979364630805,0.05664031155063076
-63.38192857037799,0.23474424292975837
-63.346126850403195,0.04559316418964099
-63.35617768874782,0.016327529305318444
-63.31439474576045,-0.1502430152257057
-63.382473147237114,-0.09174633598562387
-63.35599576831978,-0.08549245815097706
-63.3526343598149,-0.11583984330325914
-63.33996157030277,-0.010118210565428831
-63.33334943024134,0.09758545089188408
-63.32860671115747,0.03004590374203997
-63.3885659155207,0.1475124634432855
-63.349365470642354,0.06270254696764721
-63.32314469155442,-0.14256125091542982
-63.33664327231366,-0.1036923888655591
-63.36145927363903,-0.12968449650122948
-63.383246653462294,-0.1392223369466855
-63.31306445138593,-0.12203919829634047
-63.392311752119845,0.04092983518440929
-63.32330046838739,0.07611725817461534
-63.32988771184524,0.10605171867117391
-63.36631112186046,0.15713468395511487
-63.33250993644744,0.1893229697466945
-63.357541311064644,0.11930632944514385
-63.360388430220404,0.1637364528364179
-63.35366824109649,0.01492046163473515
-63.31936475751496,0.017979779510414073
-63.32390010729689,-0.03734471936672601
-63.3881158063233,0.1577137994683957
-63.3218741818128,0.09075175121044021
-63.3829489539723,0.22939636962677268
-63.32766044708736,0.16783022945059323
-63.38499547805399,0.2868992108240986
-63.34770772446538,0.23308908242370807
-63.3875461569576,0.11909423649789008
-63.36789185769509,-0.004263353021219385
-63.35411689986503,-0.1393517593974961
-63.31350455901231,-0.279199241438562
-63.365289873510775,-0.1945345563909313
-63.34730025102261,-0.34628285459984576
-63.36297416694377,-0.3651498412981464
-63.32996680413223,-0.41812188491082525
-63.328329185130144,-0.45784438716192266
-63.382621473893906,-0.429985334076894
-63.34774539872117,-0.3597884181931823
-63.312480601392565,-0.2976499679385949
-63.349806768840224,-0.08160363894522382
-63.36115991515335,0.011456894765788261
-63.32809987783365,-0.11436678096750397
-63.36977407503325,-0.013988874757660641
-63.32080815269651,-0.07869201628302358
-63.39118118275489,0.11658357998134217
-63.34732909969941,0.18930150154882697
-63.36376215649471,0.19612576624079003
-63.346991897470375,0.2553587896428152
-63.34252165472219,0.16233990924133357
-63.33851885921872,0.08118204558255138
-63.33295889593089,0.16265016818026656
-63.35658854187889,0.1285252646336018
-63.383471501812416,0.20053586070792262
-63.33772145226088,0.07302716321987068
-63.34223620229085,-0.07581392083408534
-63.363877584763465,0.014482378193519052
-63.33481708125809,0.01887392839190949
-63.38910040898781,0.29244053143950977
-63.34709165848863,0.38015480929546747
-63.3479511530417,0.40457129659008684
-63.34766400565368,0.4768350510451768
-63.3783793840929,0.4558279494744305
-63.33133725423357,0.19005913273920783
-63.339862326676695,0.11028380134900584
-63.370420902256924,0.13420622516780423
-63.38750498095368,0.09243368088419601
-63.311277944396345,-0.0825849015817064
-63.34341157635343,-0.1364348279588813
-63.34317898774801,-0.2504037170527744
-63.34006847318567,-0.2070130906380243
-63.351800714264456,-0.2764355870273598
-63.38278542138048,-0.17256790473542127
-63.32830952454346,-0.2188387883143107
-63.33907160352507,-0.18709148285527255
-63.35015882025264,-0.17570874717845564
-63.30959272707817,-0.0741723736576474
-63.38739663573993,0.06746461148726957
-63.34042039393856,0.15072782865730638
-63.336057399275354,0.12599104042106213
-63.37810292036268,0.28321825656707866
-63.388783244333545,0.35672812045942065
-63.3799564236176,0.2359925924422105
-63.32259594117967,0.1315697132584991
-63.37878029119636,0.16883938954562672
-63.34218709565826,0.0982786079184631
-63.37214955058148,0.059072505910387374
-63.34162771023843,0.06721990588063564
-63.38803329103682,0.13548642866179106
-63.32718872910389,0.03446001200405757
-63.358261404535895,0.1533959914810511
-63.33647121862124,0.11184933646704609
-63.32030513043765,0.015113215818089665
-63.34082815540791,0.08057110414235635
-63.38261362727709,0.17234028590799733
-63.328448993726056,0.07321088581702528
-63.388282387294154,0.26896129423101744
-63.38247262015958,0.38752802653321833
-63.324399985702485,0.34219763445123785
-63.34724535067528,0.4105692415135795
-63.32261829493241,0.2327569401121885
-63.359129662186845,0.13435653886319454
-63.37477095177289,-0.04914760092540793
-63.3674602761344,-0.08023915758963795
-63.35246378725214,-0.2120536642395029
-63.3126261826117,-0.15941108050092057
-63.32258740814267,-0.10812641276845547
-63.38655085121259,0.12166392691244077
-63.32894445318933,0.07893522328419511
-63.313347362109745,0.08957846586699403
-63.3934912096097,0.10552352849559321
-63.367215132708054,0.06781309775572952
-63.328917139565476,-0.00871882031648552
-63.36499938012414,0.01289870394027115
-63.33811642453122,0.005709664368172995
-63.34185555287503,0.03839207145883672
-63.35907745970387,0.017824675260867395
-63.34180527697875,-0.04107864628701108
-63.35858905959337,-0.0884370656475918
-63.3585445523086,-0.11191980812818514
-63.313804509831556,-0.2873914788902563
-63.35810683856839,-0.3147937322412795
-63.32859090418323,-0.3586062189305892
-63.3476402291764,-0.3038954436839427
-63.32217176000955,-0.24825361666818324
-63.37746009061913,0.04707255771633567
-63.35505029527652,0.16478229298264646
-63.33474956652512,0.14744443877441682
-63.36073747904226,0.1736981786705719
-63.35624880819172,0.24774974412976258
-63.3639049437453,0.22721366673813448
-63.328347294934765,0.023420176264932313
-63.31517171436157,0.017930244835447695
-63.26580922406535,0.003463607399828872
-63.25734639589295,0.09459603235212644
-63.18549057189339,0.14943214651085746
-63.19082683566998,0.22090829016575186
-63.06938583582765,0.17846901815341898
-63.083242933262355,0.3085861580852964
-62.98686978290742,0.1637885543555594
-62.95672919171379,0.06947505486549854
-62.869353364144864,-0.008209764533397279
-62.839770679958676,-0.022429206095715748
-62.83032875575887,0.011386707098296256
-62.74566809419079,-0.016045155383903942
-62.71398509538063,-0.05738565258849071
-62.700363235183744,0.08763571910060464
-62.595683898919006,0.013289529857737459
-62.59477453556772,0.19828860730532605
-62.520273981901504,0.23812803405384397
-62.45434560137589,0.11774590249963535
-62.436087347185186,0.22105970742362224
-62.40988244459661,0.18574526161870009
-62.313702622839315,0.10113527279128154
-62.26370141761565,0.1985451874476294
-62.251342955667695,0.17199096853875606
-62.18877061540191,0.11779351683932948
-62.091333063657096,-0.03469603628510942
-62.08080056633047,-0.15538982794472722
-62.04433981968522,-0.08137723732515256
-62.00457461477209,-0.0021150528781571643
-61.960206425144094,0.12472533479377934
-61.916238095751275,0.2496943909737378
-61.87246258108667,0.3194380880192316
-61.82773839192467,0.31203157941642923
-61.77901310416581,0.22811704587914883
-61.72804467207431,0.07533444315114224
-61.6817571893563,-0.12949497135906507
-61.62112110101716,-0.21936374031620998
-61.57236528305065,-0.23334396401729807
-61.53912181067051,-0.2136490494579224
-61.46513968515986,-0.1540395701424705
-61.41114568833355,-0.09222417633608826
-61.367066366477275,0.04827796642838844
-61.271362153135726,0.00909927466363758
-61.22474782640205,0.06229468638251068
-61.21056264760003,0.07561908527453065
-61.14345837479962,0.047787874952654796
-61.109085455793625,0.06928551087720258
-61.09966411934681,0.15429921477749076
-60.99304824905186,-0.0027513544903078335
-60.96703272285938,0.06712482166198586
-60.94493019099626,0.279255106316722
-60.86227401532163,0.19834967136992154
-60.80433852073741,0.1890773669107212
-60.75606326389345,0.14083240369076466
-60.706336341430095,0.06918869159724739
-60.6579565653205,0.013006384523748693
-60.664807101103754,0.1587175994654707
-60.625282677915585,0.08358294325288029
-60.50974291230412,-0.08582476647086357
-60.45957049526723,-0.1393265921855369
-60.4711506789199,-0.023446092421950282
-60.35504809770218,-0.12468159973875481
-60.34270734541272,-0.057215031869809585
-60.25235827866468,0.010311217849853005
-60.25027343835917,0.04088555357371626
-60.17783648223913,0.11425712990789338
-60.14256651102368,0.16050454514596857
-60.131303541604524,0.18385020561597687
-60.03661261555439,0.18460207557523445
-59.99019916730888,0.27988821841065337
-59.9417886133052,0.3396640577547315
-59.89433255647144,0.3312006990127936
-59.84358374357264,0.27349070328608527
-59.79346940244753,0.20291603620291931
-59.80544268101122,0.2876899172693646
-59.729454020487886,0.15746065404811282
-59.65943167366414,0.12022000492257179
-59.6172016866016,0.008115189467613693
-59.56936268365763,-0.03915495921772749
-59.489301494905504,-0.07105064486023993
-59.51855839214759,0.05557329443798509
-59.41200116360096,0.06266104113186655
-59.35885529381998,0.14149896922538452
-59.30878533174991,0.205589351346529
-59.28156915429862,0.1884108739978182
-59.224681296997225,0.1551632552400627
-59.159074251264755,-0.011205617066330387
-59.16276898242771,0.07786672933530692
-59.06918211195393,-0.0068310247883490716
-59.0306789401521,0.08088537683777575
-59.02321927782641,0.1957554956866152
-58.93187446613813,0.19888154165278138
-58.92508866066113,0.31989431239022953
-58.83443882771278,0.2909323655886719
-58.82994951741396,0.4790545006391787
-58.74477096734886,0.4515766235194746
-58.73276430766161,0.4978271617348061
-58.68185723787551,0.4282665022472122
-58.63258143898352,0.3557859250504611
-58.58373679161426,0.31970952620634113
-58.512195705995055,0.2399890662804185
-58.48784674349599,0.28459626283407713
-58.40075353777708,0.15801915140881173
-58.392258088103034,0.14663429426249575
-58.32442844871593,0.04792979840850753
-58.29254209797841,0.08003455331237741
-58.221210925512324,0.03478667660882462
-58.19521430330474,0.17236471137199405
-58.14737065420118,0.21809641147943803
-58.09869489702301,0.21900718886443082
-58.01191472429918,0.10817036492179266
-57.94868020774793,-0.05739097383484537
-57.95126236097888,0.09932216083442125
-57.861269041623316,-0.0022856214439721523
-57.829742025085515,-0.0013490940571069254
-57.752270137947505,-0.0385844279870422
-57.730406470913955,0.11275957637629763
-57.65866922912117,0.03203107605964983
-57.645614144070336,0.18909599963711243
-57.62201533883116,0.30351531709441276
-57.54918346487564,0.25321257151576615
-57.46297853524435,0.17502915728568946
-57.48781753319486,0.2578222615276604
-57.390694815978215,0.24944968200949258
-57.32287059672768,0.16814607086768452
-57.335362591711494,0.3287294299866325
-57.26286686693874,0.21875186871940078
-57.18428192791736,0.18211884833436187
-57.190095766689446,0.3645739171210936
-57.14008435864205,0.35649447999190775
-57.093598548059674,0.31183747878590407
-57.03912540519053,0.3018255984622999
-56.96339772200269,0.22737865312115713
-56.94509673959739,0.2875139178480957
-56.90014301998764,0.27487192024758567
-56.85118399928807,0.24493243240514007
-56.808888884074236,0.18987235881541875
-56.749314989168695,0.22726238331137183
-56.69138062255589,0.2441519166957975
-56.652511930488785,0.30223874549068436
-56.58610709377564,0.3061907483494505
-56.55902737594427,0.3538145254809802
-56.5017376325917,0.31549355579991284
-56.45987811785002,0.3156445817614202
-56.41977773635473,0.2601681631622462
-56.36294739447665,0.2931560797586089
-56.3146607285023,0.31297408636115304
-56.27523868691267,0.29486129749178563
-56.173632780668,0.2555730239908437
-56.18625856866687,0.3004948775191124
-56.11940591949097,0.247580843270078
-56.07739500954688,0.2996963637135612
-56.03044326441089,0.24589740597811838
-55.94989501699129,0.11631078955897034
-55.937964285687364,0.21687111390707947
-55.857525571810946,0.251511407217745
-55.84281655608979,0.3922629238824153
-55.806689309324305,0.42515234437821414
-55.715397637071305,0.38943694261152506
-55.70242333028888,0.3996519474803098
-55.62187876946287,0.21369267743275777
-55.53594136479181,-0.059796666626243056
-55.535554522478115,-0.0961449995125282
-55.464010359012725,-0.22291026287222837
-55.40543519800872,-0.2354980384265819
-55.40524144600084,-0.08271539717239762
-55.284631346287135,-0.01321126417116536
-55.26077537512025,0.17396136359512315
-55.215239294166544,0.29534213949692956
-55.18750301152823,0.3903776436982432
-55.12523764497794,0.3478608256444832
-55.08739171972508,0.3476202300155996
-55.04894112631065,0.3820378308297905
-55.008948005086495,0.43640791811030283
-54.925676109535075,0.3606305413714732
-54.921331816187035,0.4486038887109763
-54.85232464293497,0.3681110378005942
-54.7795766970177,0.2514493733526487
-54.72176578335238,0.11977553976676492
-54.664748546435405,-0.011705175522159439
-54.616576344487186,-0.07545636054827998
-54.60718202286152,-0.033441035114977646
-54.515270391676054,-0.09350183267903933
-54.53953568833757,0.006022783665020404
-54.47038857764113,-0.012341500641672165
-54.382357952000746,-0.058937964312787194
-54.36008774261794,0.026047670325007877
-54.26555948828536,0.04243446796526473
-54.29908423471625,0.17250146136581923
-54.17470753472438,0.18174192070743123
-54.20188608410889,0.3384301782730935
-54.091039941027134,0.24454678471760338
-54.08168659063885,0.35625868588899523
-54.00769848820791,0.21834215680592195
-53.94735514420629,0.10604433646238065
-53.927629546203406,-0.013802072784741215
-53.866926798623396,-0.028848155508118256
-53.80043849806631,-0.13871536226263947
-53.772715148314504,0.01988348377507343
-53.71030598106371,0.05794614991090219
-53.682340463604646,0.15496644417840288
-53.63557204768074,0.21195880767710285
-53.564114546050085,0.25931931441896383
-53.549329381312575,0.36364835096516807
-53.483185411806375,0.3478909281475691
-53.43663694994124,0.2944480234345439
-53.41214238313815,0.29157120158832306
-53.33539902865999,0.2180132075168595
-53.288545867874596,0.10300567487387036
-53.25059981487655,0.12010031726842263
-53.23834298484458,0.21574455356165
-53.12568126047034,0.1009188273012096
-53.09927358654218,0.16262465575215634
-53.05203341551179,0.11008462782703299
-52.98354689549077,0.07925955982532151
-52.972572253982776,0.09673417934132755
-52.85434792737477,-0.021127898068134976
-52.84903449510834,-0.08065097415181133
-52.80506300321339,-0.05083210194807264
-52.79726342823285,0.03147255160430429
-52.72665900118757,0.17335064347677642
-52.67788680054048,0.42015663295997285
-52.57971790624718,0.5644439192095645
-52.57426846668409,0.6729725135453686
-52.543143442355515,0.7675828690076748
-52.4383490488967,0.5713451100538589
-52.45682756294197,0.6043563165647463
-52.37815467780278,0.4577131394218272
-52.31036493059012,0.44899795106731655
-52.25207055835077,0.4089237752559037
-52.23410366288486,0.4671534830164503
-52.187840282936534,0.4047736493113383
-52.08531025438676,0.3106723291551649
-52.08344939095264,0.30059883237038765
-52.01614893794358,0.25976517213055794
-51.97306400190103,0.09359758237499882
-51.934892294876235,0.07967098251971472
-51.86983840736446,0.04907199832531728
-51.85519400652469,0.01631185088889109
-51.75198678245252,-0.0015017635213414593
-51.757388984709735,0.1872285323641253
-51.65276233951933,0.14777131193099513
-51.65038436430416,0.17273910157103978
-51.60216376815321,0.2340261366577615
-51.50645413261247,0.1982369031779332
-51.53877662362502,0.24136815485629326
-51.43481023250314,0.16596647464799374
-51.37650026621225,0.20524789603845517
-51.37268503412311,0.21159866539369188
-51.286582068894916,0.1778413184668537
-51.27554545990295,0.3559506366113921
-51.16805182383408,0.29499343402803063
-51.143625910778,0.2823479315671359
-51.1304721776078,0.4391838672673341
-51.03106603895867,0.30432891183896504
-51.05240640314646,0.40283337979841005
-50.9413115784709,0.30624616972736307
-50.905498599088176,0.2535666856249271
-50.85588583434179,0.3575460533787565
-50.851804679076295,0.48689071193621036
-50.77277826007375,0.4080263174211588
-50.71485609655926,0.40772346216245875
-50.66740983603998,0.3197089895557463
-50.61363346992344,0.25741772401470153
-50.56270565983182,0.21789050914914854
-50.52567906838178,0.1841757909553482
-50.468827820653104,0.32440904931263614
-50.44255291360672,0.37526708443246265
-50.35906393802889,0.40590908594973374
-50.35141987343724,0.48833307345144644
-50.2505160357624,0.2570073218649954
-50.257375148244094,0.27609360156827206
-50.15816422131101,0.1069627188450567
-50.139710107475,0.21421615067004018
-50.12234915419724,0.20073067670470457
-50.01297332471934,0.06887644519989722
-50.017991936085544,0.21553934057085977
-49.92321477996787,0.07768341991026606
-49.88620134225151,0.2302522032781713
-49.875118547886046,0.4163118200486536
-49.79947400554454,0.3950937205608084
-49.75718265912156,0.44281367917004294
-49.7044641643141,0.498029150467063
-49.664755863934374,0.5267045627683289
-49.622608353946966,0.5162155439098992
-49.54738044839214,0.5639494344638838
-49.49818671775651,0.5907626895468567
-49.4496146328215,0.5295031523097506
-49.393727193286,0.526885258291714
-49.32231792989519,0.35150688312044903
-49.29604004768444,0.28674701724206936
-49.26029943809952,0.28025031015999124
-49.2414922729626,0.2599756229440894
-49.140313075542934,0.2940441417346479
-49.08730052731404,0.26197589588506454
-49.079517395890036,0.36678585184243817
-48.99505509628685,0.3903363170804997
-48.97283365473451,0.32365753219579346
-48.927214572734684,0.31105601169950003
-48.89363021289216,0.36056198725670613
-48.8279106250833,0.30056026138691094
-48.784056892918144,0.31297769383987356
-48.71522954245223,0.2698052275882792
-48.68649388854125,0.3175081745513091
-48.6445916744007,0.36792983718283134
-48.58619465520402,0.2988865993169355
-48.51981521980325,0.3016652306955869
-48.49410046553284,0.2906646888797185
-48.4325255516991,0.28443005403671834
-48.40452286200641,0.2905188504674689
-48.34647918876562,0.25111668797045816
-48.27601119422614,0.19448991651582026
-48.27217190875574,0.20216382193340032
-48.187162027127705,0.15338230752157533
-48.14169802495631,0.15619440404590768
-48.06328652735019,0.21092168351161278
-48.04323000821057,0.2999391563458345
-48.000439476001425,0.4563671729243928
-47.956467181383914,0.5391594720766489
-47.92007266878302,0.5973993140394682
-47.84778575117266,0.5729377253582304
-47.832086944213174,0.5726676426249047
-47.75191199716298,0.5023273930946317
-47.68413828889427,0.37375835358614184
-47.69574861508305,0.4375573543722586
-47.59359750467341,0.40545263508795704
-47.574252130297324,0.3733494510882433
-47.50553993853485,0.4162945261894249
-47.46545674149287,0.3932553018204342
-47.40594657616192,0.4428422313369893
-47.373322183742616,0.38261253731113476
-47.29754570217216,0.4390868648828425
-47.291933688931636,0.45014457966325544
-47.245067174698406,0.47432447192342175
-47.17837478013598,0.5211530275588827
-47.11948644383418,0.5210171706993517
-47.06976542638568,0.48816210602506616
-47.00568178352835,0.4284407066630277
-46.98226988451766,0.3400567545548872
-46.92982948398145,0.25745605015180295
-46.89093526346703,0.201547253124974
-46.833775045612796,0.11411629039286053
-46.76873807171013,0.07063603069598312
-46.72508869497433,0.04314312890817518
-46.67198007768059,0.08656822858176794
-46.62716394862256,0.14797107474579319
-46.57237509771517,0.17635936411301056
-46.493121044667824,0.255197287722313
-46.518647981736905,0.3661836335748216
-46.44511108246713,0.4373028858265468
-46.42169104465722,0.454885734661118
-46.33513732326557,0.42460468446176897
-46.27717979662031,0.39232291304617367
-46.21199108732009,0.40014679950963744
-46.178286712854394,0.4345064541890189
-46.120259805787285,0.4421333402738838
-46.06721501066875,0.5627009966756888
-46.03164681579061,0.5222554794796606
-45.97316979519222,0.5168648633378701
-45.929176201737974,0.39024714166001206
-45.87276873009274,0.298516133527354
-45.82848639086493,0.17276806571172576
-45.77604723347547,0.12157017810813431
-45.734371118225596,0.13378221933512224
-45.68473363877274,0.15910725502218304
-45.63269941798962,0.20537018937432894
-45.54609046627445,0.18595196816110582
-45.53394264033035,0.28700680196379874
-45.46487728644893,0.2800435978775757
-45.40868031772122,0.2932533590290034
-45.39280067173587,0.3880281758659447
-45.349334136909945,0.4707074225159247
-45.2539706027805,0.4641897801294727
-45.26416959091567,0.6266852697369257
-45.20247751587485,0.6262944644358037
-45.14005674619375,0.5395165545665465
-45.07377256640883,0.36656128091623136
-45.053256956098735,0.35243116254948886
-44.986646388119475,0.2502874440892561
-44.907951116892576,0.13396995136738776
-44.87597076533986,0.23470640131915732
-44.8323509521569,0.26810686420965724
-44.78205827581821,0.22314028963007437
-44.72057372449815,0.26766339278751927
-44.67892224394126,0.38271481437886196
-44.64296271309615,0.4355314017833942
-44.58280420981035,0.5055002474391137
-44.54086017814342,0.5366315006262755
-44.48948528315765,0.484583679588075
-44.435165336101356,0.3630149791498874
-44.37410753520007,0.26951114733918025
-44.340555706000686,0.2902718287892218
-44.28265244635891,0.27963016403557384
-44.229864991002046,0.2812145571881549
-44.17489565486908,0.24385635952468943
-44.121092194164106,0.2537546014372186
-44.072584004876816,0.2709255832165467
-44.03337229061944,0.3404749130181563
-43.977080127822774,0.38780356380435294
-43.92857620362122,0.466566381178602
-43.88512039871236,0.4639857696644066
-43.840589036671645,0.44397569437847056
-43.79213282583497,0.35917966009304414
-43.74476780791973,0.212257916879374
-43.672333531476454,0.16619092445262718
-43.63292719729105,0.2389796039877079
-43.5732099288551,0.2830151890152705
-43.53511878968064,0.25116031926536986
-43.48197270240881,0.21248561772773955
-43.43101987542485,0.13622430343467307
-43.38632234671013,0.04777588281250422
-43.34620585698715,0.040579798741947726
-43.286901970035714,0.11814770651440043
-43.23792886548704,0.20388678021178985
-43.199401771609814,0.34592370472569467
-43.13108759332976,0.43408972727438
-43.07870706598952,0.5330191591756166
-43.04390082998201,0.572018393870602
-42.98278980094158,0.5115468474022861
-42.931952315132015,0.46553320729951614
-42.892309308205505,0.42835365045611534
-42.84898632480699,0.44700585984088714
-42.768066330805965,0.39926135389613354
-42.7584049992914,0.5215382409074487
-42.69995005601092,0.5573764102367879
-42.66228487546368,0.5466082656928506
-42.60084298938204,0.5396048138940521
-42.55683007702876,0.5706718899942022
-42.50961702965338,0.5513901383661883
-42.43937208956132,0.5458329831890567
-42.39692933669363,0.5963403439409503
-42.31779391607791,0.5405895598269245
-42.27524367009491,0.5748614966425343
-42.240584108557314,0.6065227888946645
-42.197863621417994,0.6101835263888429
-42.146562362183886,0.6556791719569872
-42.09990814779789,0.6339656052601421
-42.04411053315117,0.6129622192964543
-41.99748578153821,0.5265477259508058
-41.94236645111276,0.48699187027635965
-41.89417352167665,0.39672605630958574
-41.85347622510011,0.4004480405980616
-41.79023155738833,0.4012658539387997
-41.75175212748762,0.42942822125322133
-41.6926090155507,0.4518137280967867
-41.64299342357981,0.5165992886497225
-41.59615198309609,0.5690800346851523
-41.549052866853515,0.5814353202250404
-41.517485828537374,0.6996428610494548
-41.470832975186994,0.7223141842849995
-41.41786364095629,0.6950087133260889
-41.38936173652499,0.6367912001830741
-41.3178753140962,0.5372167639531572
-41.275752079696815,0.5295694397468412
-41.207080671602824,0.49884456043198355
-41.1576429640957,0.4729623256022792
-41.116834974612956,0.45536861408021473
-41.04380886299657,0.4016698313544785
-41.00643269588894,0.4178001878636843
-40.957045227802794,0.40084964995807404
-40.889558214132535,0.3185072313016221
-40.858720696453005,0.25846204595425093
-40.79207297565012,0.15902639093744153
-40.75300450105625,0.11438194557099157
-40.70684873869354,0.12510835288525557
-40.64297144425434,0.2431163128281859
-40.60158762029981,0.41458298508442815
-40.53756143133253,0.5474765547458375
-40.489404242703145,0.5673821235326133
-40.434466673708584,0.5669355661607515
-40.3709311712414,0.4612933109048924
-40.30939306167538,0.40273696867967035
-40.27087884249038,0.3831086865083894
-40.211620632062306,0.3564515482808872
-40.15935395144216,0.37924784190163086
-40.11530813573219,0.3906490642192382
-40.06656663308134,0.44289514554531595
-40.045120094917394,0.5181997084499457
-39.995861678108675,0.44677034082180495
-39.93895107687047,0.3766499625943634
-39.89285764812204,0.3627435947867657
-39.855441530939416,0.3547659882277378
-39.79700011386549,0.39049632723247807
-39.756002638368585,0.526933901290721
-39.71643195538361,0.6570559331794092
-39.66298741127403,0.6554287520210584
-39.612602086979564,0.6238040512243775
-39.580916941412895,0.5313323843100048
-39.52317482408131,0.40930935569920374
-39.47881844145449,0.3654216434911434
-39.425743682700904,0.34872142309292037
-39.3768373235895,0.39386222723924114
-39.325252087358194,0.4837632231187409
-39.29956258730455,0.6041541761108187
-39.214338389594374,0.5662834635760059
-39.18795749307259,0.5671371257747689
-39.15862455964152,0.5398525127095264
-39.07352061304487,0.40761273830347083
-39.019142504857484,0.4172727093020204
-38.97023464811919,0.4590376515071208
-38.93467466844872,0.565838133485631
-38.88824346843053,0.6912322283860026
-38.85358741245229,0.8094676010402007
-38.791670032267554,0.822053964513921
-38.74927070032724,0.8452679877255265
-38.70312312750862,0.7636692276142479
-38.66478788214782,0.7238720268835733
-38.59988720441855,0.5774636672299375
-38.5746175036333,0.5823396176594055
-38.511321017423825,0.46852899483333466
-38.447457801308126,0.3601039466385906
-38.4058208377309,0.31145765186653124
-38.361734467914346,0.26698217799321455
-38.299580799937374,0.24617610218272723
-38.23586000485267,0.2554496127009863
-38.20513105119652,0.31512948211707953
-38.151020147847085,0.285232297830433
-38.11939106422803,0.3774766494773443
-38.05682474507855,0.43784174568525275
-37.9999511885634,0.5282031749053779
-37.960553019079114,0.5954606812642629
-37.91003128533591,0.5814673579178307
-37.858463982107885,0.5053741088236163
-37.81859348282783,0.4495485424118542
-37.75062373854369,0.36928822332946876
-37.741965422470315,0.45998079101318035
-37.64703922005646,0.46882314648611384
-37.64439514074091,0.6171251407575198
-37.58035990744295,0.6626380880010483
-37.53482923212733,0.6992852917645382
-37.46712311473649,0.6609674276758843
-37.42606425266626,0.6372409067847895
-37.37928374136925,0.5342761221955206
-37.33416377835098,0.4863522411430533
-37.276990499986226,0.40343998683204507
-37.213074931627666,0.34735989587888744
-37.17765223897227,0.27952922134089153
-37.12670970861026,0.2186904625611541
-37.06960782134672,0.1722338487985432
-37.01749843052869,0.14380155782734727
-36.973394676430964,0.13161461336327152
-36.92464480385841,0.2098574322385509
-36.880503448902644,0.34852178373585957
-36.83446546740009,0.4811878414288789
-36.783467778858856,0.5886571488411406
-36.73632239088507,0.6369263658861406
-36.69400864911973,0.6679046836207817
-36.63764214319855,0.595803808625372
-36.605482563258995,0.6043331274434762
-36.53799414816538,0.5387853525046197
-36.48029147308323,0.49154174021104735
-36.43825867314106,0.4825112574274307
-36.38786279015467,0.4584595851771717
-36.329268524273424,0.4187886263033996
-36.29910359796383,0.42970136869834674
-36.22291395462053,0.3638539138826368
-36.17504699704356,0.3622974694971896
-36.14569266014219,0.4170905515753937
-36.105221253005396,0.4143698973555929
-36.05313090813064,0.45745484551320886
-36.01043229842539,0.4683454682582361
-35.95234559302525,0.5364019668896368
-35.87973803300524,0.5627293376423651
-35.85586606333639,0.6368217887470756
-35.80519422629268,0.705679457633771
-35.76076359995098,0.7532714879992395
-35.71966978894375,0.7614535889840823
-35.653948891448536,0.7510394234176239
-35.617397226676665,0.6849825612467755
-35.5640215917767,0.5767406233072785
-35.500298311558204,0.4537170522876236
-35.46622751827398,0.3600195303183198
-35.42763875774595,0.33529697568256983
-35.35120255185221,0.3089119547571939
-35.314595836925825,0.3925156092172479
-35.26399980526253,0.42648129109312416
-35.217447319385265,0.5364962054535977
-35.182488706118356,0.5849946357009735
-35.12822871128773,0.650977488891682
-35.08764811611549,0.7195760534706503
-35.04378473470089,0.7500337200176552
-34.98514217889133,0.7598328644942829
-34.95763978483833,0.7799108003069148
-34.87479983166832,0.7056577448934316
-34.834752685319174,0.6504864369975365
-34.771357208880936,0.5637290087814044
-34.73920446887579,0.5357230654572274
-34.685989318085966,0.48022674651827374
-34.63832879213648,0.5048895474700849
-34.590024420192904,0.5466558258942614
-34.53550583825674,0.5808041122692077
-34.48109040881465,0.6214564243524403
-34.440120986045294,0.6174894989868979
-34.40210749288746,0.603848383873062
-34.34083107601932,0.6237737825332046
-34.29478762673989,0.6823006575376442
-34.234835271157365,0.70928846164522
-34.190177914082106,0.6559266306201504
-34.141660997919985,0.5971188776698392
-34.0992136552686,0.5681087937618559
-34.04651048800138,0.5879982468286216
-33.986088476306584,0.6325707831072751
-33.93942812341901,0.7057110243616065
-33.90618933859432,0.7607453616133611
-33.8644066221991,0.7391802710184273
-33.814076224733356,0.7177904863419641
-33.759696730882304,0.690964454794056
-33.74133853137169,0.6741959770875666
-33.666567592023284,0.5714540245296909
-33.61853721413136,0.5050368544835251
-33.560137936118174,0.4453518691223327
-33.50966328715366,0.4902649274095796
-33.46163620602865,0.5812006855724863
-33.416938803888854,0.6987274761339015
-33.383787531387156,0.8147511607480954
-33.33552884510583,0.8624972972386515
-33.267826419110456,0.8257463525859177
-33.22976319569155,0.8175768011158356
-33.18105347297167,0.7848505464157327
-33.12944559060396,0.7485533111099394
-33.08102108873987,0.6979045159773852
-33.02464531217742,0.651739314295069
-32.98359566754804,0.6591525637307956
-32.949094368526985,0.670633042749066
-32.88702971841592,0.6092548731125076
-32.82648640643872,0.5340461680051001
-32.798666182933985,0.4929439073288302
-32.70658485450765,0.37924513094042694
-32.67830276526006,0.37214285599058017
-32.62786359172299,0.31136072895438666
-32.58504176387325,0.3402805714099489
-32.54281600339506,0.3255892453402121
-32.49741849555567,0.3927336620118913
-32.43955499201871,0.3942089749506217
-32.394644391930676,0.41920505356204063
-32.354871033423855,0.5237940946266483
-32.30301240515352,0.6003898935301325
-32.25591045021168,0.6980269027724824
-32.21927659877033,0.8311013980442343
-32.16197514613421,0.8410171012111914
-32.115719942641924,0.8507928338257369
-32.05732625206504,0.8486221070294511
-32.01270421899218,0.8711354645492898
-31.958536069373928,0.7656866683298882
-31.90990032205375,0.6584300818419799
-31.867147312739867,0.5964180092172375
-31.82041914559327,0.5219668237446902
-31.76839179717318,0.5265988766286236
-31.72201381299373,0.5213331027510208
-31.677754003375256,0.550595531232082
-31.605618633460622,0.5346738616820966
-31.559745325741595,0.6293659226643673
-31.514681210110425,0.7011214319992698
-31.46550929948466,0.7830021278399618
-31.418031411088897,0.8182830943379046
-31.37073095013384,0.8035988972246711
-31.316291314557134,0.7221277424303145
-31.256238926208255,0.626488771730612
-31.224009831126438,0.5824296542909594
-31.182879391210882,0.5056949419983165
-31.12547957123322,0.3762103413260612
-31.079602272032723,0.30264896916686096
-31.016707229232033,0.28601485892321915
-30.959820267748462,0.36298627693847474
-30.90954926674096,0.4249419970679258
-30.877997242714066,0.5269778239090822
-30.809016965869056,0.5395643576657303
-30.768897619783736,0.59863855388005
-30.71671970468519,0.6123815896164765
-30.674615691473534,0.6778917337989803
-30.617932652029005,0.660672285462017
-30.57208183490207,0.6260521478285568
-30.53024559291115,0.6367446576143463
-30.47015818995971,0.6268402694691313
-30.421636153707603,0.6654961581262254
-30.385427712706424,0.6978283451323433
-30.34444459394077,0.7312330235117875
-30.276669959872976,0.6942420524051852
-30.219479472417333,0.6759696816076721
-30.17840045016103,0.7667619413040584
-30.15524546198227,0.8503867073706468
-30.072074184998698,0.8739005767283131
-30.03357103063025,0.8983520923194397
-29.996396000724694,0.8670125855985213
-29.93227805406876,0.8150081711742915
-29.917311947126237,0.7699250840378974
-29.8480850282601,0.6843981730527057
-29.80687012856636,0.6912814259541035
-29.738760191255167,0.7086791793808752
-29.690038012714965,0.8021076237136755
-29.63792126346432,0.9272745755949486
-29.58974472025306,0.996417671508218
-29.546465954871735,0.9746921069644451
-29.49763727458508,0.9279820886073642
-29.447707370093894,0.8441759693618769
-29.399764311266658,0.7525755199726569
-29.35678909385915,0.716917669063366
-29.293080417022693,0.6382730219662224
-29.248388106565805,0.655240156475643
-29.20563871990337,0.744903962407858
-29.1586167113335,0.7818713701441599
-29.119006825611685,0.8054673239529764
-29.09185299927276,0.7855623786118631
-29.0306404991642,0.7530005273727114
-28.972765905515097,0.7465731389579678
-28.92262536615776,0.7893320682325211
-28.86681110492242,0.7841386540612346
-28.823935082487104,0.8082208093602078
-28.76976861435361,0.7665352466435789
-28.725862101004886,0.7685211669734787
-28.67222500957763,0.8083899330750239
-28.624266371257605,0.8397644410499536
-28.569868603269704,0.832125904233118
-28.519087518921694,0.8098645840768536
-28.478084358994103,0.751635095411784
-28.41449275874872,0.633478525803794
-28.382950243316593,0.5132752621053125
-28.342135101363823,0.4863718940643862
-28.273080834269038,0.4894992325886563
-28.229571522807845,0.634983095699051
-28.198704123093428,0.7859790538898841
-28.134390426858786,0.9618281651390932
-28.093149565586884,1.0336123560786517
-28.0496536556022,1.0380192355595783
-27.997168262126955,1.0014227137810787
-27.94415457491221,0.9628762532124137
-27.911682881302106,0.9618964978817721
-27.85042717581173,0.948420749431863
-27.808845463760463,0.9063255038190886
-27.759623687649956,0.9017119363543162
-27.71856910169756,0.8675386757291934
-27.649641715824387,0.8723830865856927
-27.602678375866425,0.8687906309510144
-27.567895779928023,0.9090586376749118
-27.496822500895853,0.8590335143425506
-27.461354921497012,0.8950295511196242
-27.398503588723017,0.8535591998998604
-27.352307389792806,0.852448683244352
-27.308363447807963,0.857353539920388
-27.259835254823372,0.8128525587431179
-27.22125067344586,0.8096351687979989
-27.17321345695791,0.9096130982514706
-27.10601108379729,0.8873670280703798
-27.064012825606014,0.9742947629054906
-27.024950507287222,1.025837222121957
-26.969833371407397,1.0007704801581936
-26.94950099217754,1.0217215779888749
-26.862420282296142,0.8937353563600915
-26.820677734107655,0.828185172498208
-26.785998634882468,0.8061271052173418
-26.713410136169394,0.6943289859212499
-26.665613390800274,0.7037919386073266
-26.64182137128335,0.7903407230170575
-26.591625168873804,0.8725237968817007
-26.543204360987417,0.9164907680482542
-26.494616247660318,0.9147391289918652
-26.44772767549081,0.870413216827152
-26.378138467675925,0.8388330051801351
-26.348678603561083,0.9035662692723035
-26.282693923542055,0.9372307585003405
-26.23969884441602,0.9914805077031201
-26.190803573633737,1.0287330056416182
-26.14840100277317,1.066787665991637
-26.099396946390264,1.030706154648289
-26.060357166210245,0.9643141575000864
-26.02992280854187,0.8994702662463521
-25.943551957048072,0.7596205601347292
-25.918941977457145,0.7005643793199618
-25.844400271071244,0.6434796772526983
-25.80156688001879,0.6341266422324778
-25.74255564381989,0.6598356795072906
-25.719663529361085,0.7916741910014091
-25.64689729667321,0.8020484538775656
-25.618894639545488,0.8890233767012738
-25.587074018089105,0.9468654428043644
-25.49881635605022,0.8186198530123078
-25.454849432177568,0.9094407429363242
-25.424148398317932,0.9211896902550211
-25.376880949295213,0.9633969868656087
-25.31883972015018,0.983412873568162
-25.270549926313542,1.0016753516217316
-25.233474812119532,1.030360046878947
-25.160942428729008,1.0128814719253754
-25.12951763857047,1.04183011655049
-25.104720400986935,1.022887009513267
-25.01795884967953,0.9783522784683842
-24.958059900426456,0.8329969488248048
-24.92081990196251,0.8276120864016591
-24.876406760536206,0.6745706796965736
-24.812644040352616,0.5365294920111257
-24.761601637449843,0.5619969285533194
-24.718947104006716,0.6375690894505194
-24.685548604395805,0.7448883282168156
-24.623325276958205,0.8298238755803524
-24.572292357129825,0.9201254447327678
-24.528751935175187,0.9405012874859771
-24.480505407339827,1.0085168971208327
-24.425537205531,0.9451106208250808
-24.396132338725216,0.9183752042698012
-24.330349032120417,0.8442748480727768
-24.27958976577078,0.7980499162289464
-24.223919755150533,0.7439806270401351
-24.176165166102344,0.7205099166303635
-24.13394157621626,0.724729778477647
-24.078068941815573,0.6970714456901208
-24.041611331974067,0.7490166554576191
-24.00806713922411,0.8473879000564111
-23.940143926202914,0.9893152068291952
-23.878055548518738,0.9447593668605117
-23.871745108528323,1.0826274004088283
-23.81358455735721,1.0757771565353584
-23.722846046935196,0.973304883379626
-23.714007256180473,1.084945783927565
-23.654577940398326,1.0371455467154265
-23.600342591318743,0.9317317466187982
-23.550725573758122,0.8717890424637527
-23.497026253456028,0.7281074542609478
-23.423673226460473,0.7010849355066718
-23.399964175169465,0.6785288004832359
-23.342730650520338,0.7094059573743107
-23.29170682501544,0.737335154807017
-23.24001841744773,0.7578942310757326
-23.202386763208672,0.7576103186191419
-23.14251270905875,0.733624285492381
-23.120475536622386,0.7745944356836736
-23.031792362685017,0.7096912904339677
-22.99342587281661,0.6869117165088618
-22.94153675140719,0.6424602990142299
-22.911547883891473,0.6403784770965029
-22.84017724119714,0.6033230188599737
-22.794888847446792,0.640813865526645
-22.753317464466626,0.7025719570753771
-22.742217590326867,0.8179162373050264
-22.676821988020862,0.896196294002906
-22.61716254788051,0.9090043908165408
-22.57947191779359,0.8859543863048716
-22.506753667996364,0.7828176289261962
-22.444811550349414,0.706029439675904
-22.438650836414787,0.7158826101614147
-22.364317321132717,0.703643867284062
-22.332530235801833,0.7617645870706637
-22.262145221830814,0.7069082055996019
-22.223978631813438,0.8173795064170691
-22.152314437266675,0.7688625214299938
-22.121194690073636,0.8138845512418931
-22.05424659435767,0.7660202726414184
-22.02626053797858,0.8010156380823982
-21.969591826048138,0.7689990734282324
-21.916689328107033,0.7351809176652652
-21.881387464848103,0.8168748798628961
-21.800797466117594,0.7645958606042206
-21.793501051142847,0.9015400793513255
-21.715337896244208,0.9954365851317547
-21.70821844586277,1.0559417983003516
-21.640195355607332,1.0536070314117527
-21.59096018864995,1.0566232032528031
-21.534853427162176,1.0708781942210264
-21.518287720978904,1.0607047498921527
-21.45967143031978,0.9829834047215086
-21.389580646556055,0.9114829156418449
-21.359830478822097,0.8943293551984632
-21.296329671164806,0.8089403660568294
-21.268553820110732,0.8341774199846843
-21.2063311475277,0.7992803949175178
-21.1567442767059,0.8515653370204667
-21.1155384322446,0.9183001717699444
-21.04810117985867,0.8863516830805962
-20.998087948486493,0.8615206908023574
-20.985160748743255,0.9003511092263718
-20.93391544423497,0.8923587596060597
-20.83649061062046,0.8012304759251248
-20.816972683088444,0.8157773070177896
-20.761171141459286,0.8415941415316907
-20.70790116858597,0.9508992586172279
-20.684978185947664,1.0166616781486062
-20.6509162123415,1.1680805797981881
-20.5396788786731,1.14330929056348
-20.573827971780062,1.1858794197287141
-20.460280353341382,1.0607975799554477
-20.434469290944577,1.0534637591630123
-20.402014384803465,1.0206323059440647
-20.299411481197716,0.854433716294225
-20.309365092677744,1.013488863161439
-20.233787687968267,0.9773326539905424
-20.19120698163389,0.9633047996277252
-20.13946354007939,0.9588749094426635
-20.099549156367182,0.9465353377761316
-20.041403272114984,0.9151737251449816
-19.973263051801247,0.9106927220935401
-19.936249712954172,0.9313761821459811
-19.89113941900556,0.939856047267554
-19.858369725526018,1.0294610215515656
-19.801039128495837,1.041146855485715
-19.753261259146612,1.0480716912015187
-19.72078557314164,1.0680834290158656
-19.613805906125513,0.9515331127295064
-19.603070405924306,1.0280928353010659
-19.54482933921752,1.0650728758668402
-19.48624941232888,1.133773148753165
-19.453859417586294,1.1896532690014938
-19.39266088112103,1.2126695499119553
-19.380026033489294,1.2088809270328726
-19.289327471277296,1.1675033191175568
-19.288070837091013,1.1356725620403947
-19.196546081039322,1.0343951005824885
-19.173160824925787,1.060407003181784
-19.105741754826333,1.0223673587787625
-19.041203625019655,1.0047109249908894
-18.997452064256322,1.0620483759849302
-18.9393977727242,1.0523072224516288
-18.900370539531565,1.0987644466974873
-18.84302275392801,1.107062058031814
-18.810935955094237,1.1373847805253172
-18.76779574995969,1.0481155643828166
-18.70504994973895,1.0104866269017843
-18.65007665293274,0.8889003755321817
-18.622412117921506,0.8759432070418103
-18.582007662785323,0.8753489274837665
-18.516638746884105,0.9121997035474403
-18.44605357296976,1.0021162071733827
-18.41934494084503,1.0769459532284116
-18.357148234677773,1.1333229666001954
-18.329470391097388,1.1314660676149897
-18.25305657623872,1.0459701764886358
-18.224607624290826,1.0672677168355567
-18.132291695022438,0.9845025586498717
-18.12042608878972,1.0825938405428597
-18.06660643698374,1.1026114338897726
-18.011997054098103,1.1253662331021437
-17.95699568156028,1.184718412790604
-17.91475828914551,1.1853597930452193
-17.890427898861326,1.1866883506172954
-17.796742968584724,1.065198725398108
-17.715035169042288,0.9750764673735126
-17.74132834067929,1.038270957392867
-17.65627257029172,1.0417078688294061
-17.614899845350124,1.0578545788148492
-17.55269179721435,1.1116700938926587
-17.5126938955108,1.195271025199088
-17.49835870811164,1.2668544162835516
-17.422057783915996,1.2165487781004471
-17.401330907592474,1.200767207928712
-17.349968247576484,1.0838676559452352
-17.26861135479907,0.9056934056767991
-17.215872984557947,0.816477119216023
-17.18924600020302,0.8387648354305505
-17.121706425520188,0.8696137538926458
-17.058875963553533,0.9075145937991782
-17.042597274556172,1.0032850483993585
-16.965490929159728,0.9549385107794282
-16.90159106617476,0.8735380632457728
-16.855843434488378,0.8273655142227963
-16.841818935231117,0.8063532329860588
-16.74866954067543,0.7756501732573309
-16.733767742141247,0.8941720939972708
-16.675752890430957,1.0095845242536667
-16.600062191480646,1.0868967634044029
-16.57356202524013,1.1275676149446587
-16.52845743868056,1.16465137256124
-16.466980812478276,1.1236926153713156
-16.423805497808104,1.0687203507011582
-16.383826648266435,1.109818945303183
-16.332406527941494,1.07258381397512
-16.274661969508045,0.9916040410153075
-16.262412934764463,0.9566555219491306
-16.15115923217418,0.852239896207283
-16.15027352661675,0.9249603425908007
-16.067044013971035,0.8842100241696647
-16.017652791388343,0.8696961465039551
-15.981030985857615,0.8541286089871645
-15.913976953440006,0.8537392808771511
-15.91417431549322,0.9449855746059421
-15.838713529995701,0.9907157629304376
-15.806230704086737,1.09566235018485
-15.725265717428279,1.066908652361545
-15.679907625406528,1.0205173842943887
-15.625379857049353,1.0245687125158935
-15.588060414867684,1.0557431401920534
-15.535272347328387,1.092709151353612
-15.495070616532011,1.2109715270001145
-15.434954361188076,1.2608786412974582
-15.396135173409021,1.3012345614260319
-15.349484226312434,1.2369164231676806
-15.30808153372206,1.183036956140651
-15.273874360504124,1.1642136556685778
-15.19331254381224,1.0575850646997904
-15.177118346645187,1.01599103426341
-15.08171996763788,0.8984397572288997
-15.047273984593069,0.8608726554041487
-14.989102835439603,0.8699963771800595
-14.973955638004789,0.9806706712560181
-14.89843759990324,1.06539093408927
-14.88327135319286,1.2654030960615357
-14.844819862780916,1.3974961977491638
-14.767397779962621,1.3697081825478103
-14.727572665232785,1.2726858646210757
-14.687545247424922,1.2537983008642177
-14.62172796496133,1.072948896749882
-14.568073249227254,0.9770655029846259
-14.520178927498286,0.8808304360916983
-14.466210851878522,0.8284357979314627
-14.453834976324252,0.813918641962927
-14.383712690803364,0.7899187698954695
-14.334345203610312,0.8149896117602605
-14.274587303051433,0.7937606198480949
-14.222883671562968,0.7628570194831256
-14.175323063105132,0.7375956200627156
-14.124066229619537,0.8217508491105259
-14.080872152712026,0.9735049755453917
-14.04625537976213,1.206452257930041
-14.023748607585723,1.4371624799693246
-13.951662190431541,1.506033364785461
-13.922911502048677,1.548243289258716
-13.838854083866657,1.379001935615908
-13.797837787761196,1.19683145540446
-13.740775650424602,1.0593541763934555
-13.709892610646868,1.0166701199802537
-13.647002578525417,1.0497405464191565
-13.59158164431993,1.0977026662353482
-13.564318571778145,1.1875948568212795
-13.496290076655946,1.1745770310394577
-13.476197107113414,1.1636154702572856
-13.394075435199241,1.0109709459803984
-13.32733797202679,0.8878188693074938
-13.282673846704135,0.7271014275999634
-13.263623636959451,0.790183781017258
-13.21456180621297,0.8316058076524429
-13.168618253387628,0.9194189851916461
-13.09605230893633,0.9370972357448173
-13.045491903563253,0.9580480993483318
-13.001136015611245,0.9755698273668223
-12.978651834458311,0.9477113503899098
-12.925103985809535,0.8995992630719787
-12.836454940903913,0.7846724693490156
-12.766476984343853,0.7844528388368006
-12.742177423247199,0.8139901605327413
-12.68760024400153,0.8479595307917921
-12.640933878247509,0.9068189261451167
-12.607006267661731,0.9491117573894455
-12.549054636540419,0.9655333309875714
-12.548290764569806,1.0442585250190979
-12.433750439863672,1.0655053001949528
-12.454397705397554,1.2113636138354442
-12.381040140057394,1.2540179479169224
-12.338973654926093,1.2175117006342093
-12.273011874940984,1.1632286462209942
-12.21669814936007,1.0456115957967047
-12.16103854710844,0.987348722854086
-12.110555485769652,0.9331172940951653
-12.06263718184389,0.919188336425711
-12.027735334160447,0.9534200462898682
-11.981185940339365,1.0107150316469005
-11.945435741285749,1.043129959481545
-11.913774897315662,1.046674299747909
-11.850801677643851,0.9602386456315852
-11.811315644528449,0.885635095839306
-11.738595987199908,0.8204787850223549
-11.674022600602157,0.815817891839165
-11.620856893902804,0.9501569516934327
-11.61871246099981,1.1385701848063563
-11.544636567345144,1.2296147327000888
-11.517144061318874,1.3394578237341817
-11.448212161722964,1.3275627896272972
-11.3996114637959,1.3213857620340572
-11.360420771188409,1.296169769181145
-11.295941962861917,1.2160814935880586
-11.272737661390735,1.1701181133997853
-11.190323874923799,1.028040941012366
-11.169210394611326,1.1214086557621723
-11.100248520321067,1.1787473342746886
-11.073452880378689,1.2763455338148417
-11.010205555204834,1.2267540807970738
-10.944933201396701,1.1819113957739258
-10.916322174425204,1.1308977338922548
-10.867812497183081,1.0716147214484542
-10.827154260284019,1.0501490906640574
-10.758961701077538,0.9785836614414487
-10.738744034889336,1.0127500839320263
-10.658319542657196,0.9646462372648126
-10.603645079797893,0.9321994579849995
-10.557334503850164,1.0289133822103633
-10.51994467054422,1.1182120487043623
-10.447374348325518,1.1603125596702424
-10.413757195909149,1.234614275781128
-10.36853074428992,1.238586042178555
-10.359687302818834,1.282463873217616
-10.293756493061572,1.195471955093121
-10.251600898135763,1.1512339418870252
-10.171599388162825,1.0509310768390547
-10.116778023108814,1.0192980489241794
-10.07059089863506,0.9689400032307549
-10.027598157253827,0.9762533283783434
-9.990770513949926,0.9424683597906607
-9.944340278478634,1.0450064150714446
-9.909335226109476,1.1126849364363702
-9.842602860396596,1.0938421666832503
-9.798263417584643,1.210955730637671
-9.756747804510177,1.276775623041174
-9.7104878078095,1.232723785331307
-9.639617180369306,1.092923294301606
-9.617523340975794,0.9843043239154348
-9.531777990792463,0.8384297875105574
-9.491572175493715,0.8242240524222236
-9.459406713661785,0.9091819505616279
-9.37929992867398,0.9585907352893774
-9.378745112697999,1.0611078863899879
-9.296539742454812,1.069287662438881
-9.274028712375276,1.095697406576793
-9.193844664446488,1.0356438935945205
-9.143867862801642,1.0194098559306761
-9.106186793493876,1.031215441415912
-9.054942510596938,1.0821140829296705
-8.996895913172736,1.149335068702736
-8.97976161332869,1.1837264863940427
-8.92090163150192,1.239047242025878
-8.848527274196982,1.1402152787371265
-8.825132037239165,1.1384511163220785
-8.800645403320857,1.0935763628461719
-8.721153108129421,1.056121127000108
-8.690489429831416,1.1418846358361785
-8.616298947722441,1.1570413599784695
-8.565177278556128,1.2203416045766997
-8.513294913082511,1.2803280452639894
-8.477097198122728,1.3032477311129231
-8.440744052212771,1.3689335125148934
-8.3981170072622,1.3358012500299319
-8.354263771715821,1.2850870938521406
-8.282066802507046,1.220843426469674
-8.25700080843663,1.2529221502338936
-8.169656822879261,1.1374002649469581
-8.132555402099783,1.0797965426474407
-8.084906362701275,1.0257856156521268
-8.029722442656805,0.975425204885711
-7.993037000838505,0.992361618485001
-7.920201637336071,1.024863692959594
-7.884081491096694,1.114242115196654
-7.844493608479944,1.2498418094958095
-7.764072339417048,1.2848785044680477
-7.7312048476093835,1.3101926061860296
-7.683410198595595,1.2823161764585176
-7.615292337092825,1.2121999605506637
-7.57861600395583,1.1376441032293516
-7.532300259876429,1.0869180784648202
-7.481641769113409,0.9962649709410243
-7.422396594670879,0.9195335524659036
-7.395449077859006,0.9858343684755858
-7.329085402116313,0.9399165752197677
-7.311927727937544,1.048629972421437
-7.235166766534462,1.033000952629041
-7.179042289623602,1.0017430262983265
-7.121625734761409,1.0172890966621646
-7.079625735774513,1.0509606578484993
-7.054092899781054,1.0967280665734485
-6.986638145113474,1.0938451658297021
-6.966929901519748,1.1842070168674386
-6.897013258996012,1.1521027839934461
-6.866366392693735,1.25148986530587
-6.802249181838576,1.2641523234864291
-6.738960048413432,1.27844373663577
-6.72434004063544,1.274970785690952
-6.628394865111204,1.0898171396549747
-6.605900370814965,1.0789143281894902
-6.576716932407848,1.0904131979135967
-6.512383265678466,1.0508855479405912
-6.4681909972507015,1.0595006680347852
-6.4112016710715665,1.1318176046344364
-6.364646368736672,1.2672819517997038
-6.319918503493227,1.4623159655131974
-6.277536455090868,1.567852298933579
-6.220430699594232,1.5924013276722557
-6.156192331808214,1.5735940461648923
-6.144122412369597,1.508594998127156
-6.0942320403943455,1.4492661106399876
-6.007563363992702,1.2388352298888798
-5.963379623529349,1.1368416152869991
-5.904340275619987,1.0220095308201447
-5.862833915012573,1.0517429585541123
-5.851645344485064,1.1511905956904607
-5.774885517487746,1.231257700469421
-5.734845024715298,1.3259421003508063
-5.71868375504171,1.430943336013792
-5.62941249419805,1.3583056293908058
-5.587728306505667,1.2957369964748118
-5.5447450515465135,1.202659712485763
-5.460306515941454,1.0984893000047251
-5.4622811325294975,1.160150554264362
-5.413025488639846,1.1829729819881702
-5.316976415047165,1.1082422720750396
-5.303560226523189,1.0774560559649828
-5.242935967843422,0.9912591052696255
-5.1805148785781086,0.9408828311793784
-5.14183187378471,0.9450039365136091
-5.0943120651834874,0.976248758389908
-5.039699534127422,0.9973058049894815
-5.00154159536892,1.07286948163546
-4.966905343710479,1.1273634725298487
-4.906513341631282,1.1394075522382885
-4.871254149121441,1.1362266914564487
-4.792269237236127,1.0485527541220723
-4.775328612330227,1.0719636602369778
-4.697421767415079,0.941654923685644
-4.657688151951575,0.8867289180000175
-4.5973701966576925,0.8537004766068451
-4.586409375392307,0.9074233467061041
-4.50387903375028,0.946866492224821
-4.4518241965962915,1.0525526653539388
-4.411652560489287,1.1165781424125887
-4.376120623320972,1.199947492438922
-4.318436667066251,1.2534013073520178
-4.263179746476837,1.3021037835792009
-4.230633070492701,1.2977739319202863
-4.213813678824678,1.3402072014555273
-4.1638796874199215,1.3607301702740986
-4.076213107226096,1.3477463410997037
-4.0241117346664765,1.4347987549010197
-4.001749324672559,1.514238661718597
-3.9485556592324116,1.553107373405285
-3.902078117519409,1.603896089855475
-3.8400999377159337,1.5998048713913606
-3.8032345233702074,1.5461343602546636
-3.7666455325107364,1.421782678991165
-3.7043105066380235,1.294104831361265
-3.6544545473525005,1.2744569107480137
-3.6310756473215235,1.2847743979608381
-3.56066797217575,1.3075966410712672
-3.495888384229687,1.3369694415754525
-3.442037826039794,1.281320901276187
-3.4071497619092384,1.23865510097796
-3.355292771631767,1.2086475971488884
-3.307732725031798,1.1991429738115205
-3.2664522076720175,1.241737039805014
-3.2099349546632965,1.2245204365002698
-3.132840393030321,1.143050542437594
-3.107101760956155,1.1370669444134545
-3.0505788575221118,1.0255810498489113
-3.0130525231799368,0.9883516835305717
-2.9547149232546843,0.9557431670929141
-2.9272366171182114,1.0056490365928474
-2.855986082716683,1.0354948033487732
-2.827420847192357,1.1313242769675027
-2.7557328366452083,1.205935657900029
-2.7125931213241614,1.2462286679000498
-2.7012165869178517,1.3640786284833104
-2.6208947964325517,1.3302955069718632
-2.569305396964637,1.3977820584038556
-2.5428231705630537,1.4550020125251844
-2.490638341295764,1.4011320591704228
-2.4401359018482083,1.371575283716087
-2.3994889674735305,1.343636025354784
-2.3487686795358087,1.2875959684346723
-2.300933659393962,1.2320669420270676
-2.2466458438986336,1.1860803888025193
-2.1875136554086083,1.1950905952259814
-2.1568475767329716,1.2893561328628529
-2.12994327363522,1.3014570862333779
-2.0602799038198327,1.296901619649593
-2.005028055141807,1.3403761275115245
-1.9746549254740273,1.3464507824072927
-1.9147471118536146,1.3901376711084845
-1.853765606457685,1.4341828100502192
-1.8139858951551702,1.4879072892128493
-1.7654464399124379,1.490643324263768
-1.7137054625044925,1.4950821486019197
-1.6663403025144845,1.4662579737874772
-1.613965461258104,1.4583236326354982
-1.5598977053133893,1.3894584711211064
-1.5555310411182575,1.3848659400878396
-1.4644952777023406,1.2738549161760242
-1.4380124305871504,1.2806724804234109
-1.362788612040788,1.315626608979246
-1.328650448898216,1.3652111712197255
-1.2687917532298911,1.4056795214493807
-1.2310850501822586,1.4172452834606655
-1.183629142023932,1.3927751318951753
-1.126029351725336,1.3745208585083462
-1.0875369926469602,1.4143172953863221
-1.0409373789506873,1.449389061930378
-0.969347795703726,1.3842536640781111
-0.9412552414462567,1.3416989093449607
-0.915299410742989,1.225365461710195
-0.8309925270338852,1.1289346677193568
-0.8087535567768782,1.1571786377148827
-0.7301227470082097,1.1963411613689763
-0.7075288182631425,1.2895145173894775
-0.6590038456710516,1.3491592580855336
-0.6038537108696289,1.3199563412451099
-0.5357112384234597,1.282545330664408
-0.5078137616919349,1.2425984872739804
-0.4535254485119822,1.17363671068517
-0.3994205115282483,1.201518595900526
-0.35696301449794987,1.2007596421794846
-0.32426279418329784,1.2367227778946774
-0.25737765608943164,1.21832576283673
-0.1962089937876783,1.2227719308727671
-0.17767824445118663,1.248204740233738
-0.10590566975143645,1.1945072746954022
-0.05797644364773191,1.1217529514806723
-0.002421644017942981,1.066121985200526
0.041097727272315865,0.9667796576496953
0.10030906613930313,0.9160915861114374
0.1524257091008252,0.9561504464822048
0.1762468543928577,1.030991710730552
0.22561020024694756,1.11731432770805
0.2835677331554649,1.1997721632162828
0.3089264905575959,1.2858664343517439
0.38960641414497843,1.3102154118120242
0.42079033712562364,1.3585965550707222
0.5023888408736639,1.4084308129539393
0.5266278264040238,1.5272058540123457
0.5441810386451067,1.655711596071824
0.6093847859735888,1.65254707611163
0.667757848893018,1.6525286734414986
0.7464178018910843,1.5808147409512916
0.7265065724438386,1.6681721670187708
0.7975738669808266,1.6101266192599977
0.8659384838082502,1.5502262691556754
0.8849903842816786,1.5729032496724564
0.9584613943202385,1.4671829654042912
0.999424317021024,1.4463664775393141
1.0662844304758892,1.4075098378770812
1.1182887287628205,1.3519459522861266
1.161354256282081,1.27975091243967
1.185603839511856,1.306524782871409
1.2633847429517857,1.2459354259356687
1.3014696467641045,1.2736099537185388
1.34938234011112,1.300888010926419
1.405335059501823,1.3244485501882821
1.4287910583433074,1.385784620931541
1.4974141018673492,1.4052266259097577
1.5375828591574532,1.4397302134383094
1.5909844636189945,1.438244736884519
1.652325366941767,1.400624796312273
1.695620867024445,1.3478496037278536
1.7444981278327418,1.3199732985927723
1.7860928505050992,1.33230610312204
1.8264455690106587,1.2830427451657858
1.888602021251259,1.2807036055806553
1.933127618654808,1.2805220706767317
1.9631937228976852,1.3385932078567966
2.0387674584142843,1.3539167313131308
2.0708191052581384,1.3610197042206296
2.120694728915751,1.3600595210475774
2.193661833696197,1.318837247416614
2.2383518104828397,1.2859414807073457
2.276885134287454,1.2565787862874296
2.337338790424539,1.227742714347891
2.3843698249001335,1.238511883474042
2.440056650658107,1.301282553729021
2.4664309996688587,1.3569176362417044
2.519530323713269,1.451588189389161
2.5907917768533935,1.4161821549776559
2.611446094940277,1.458412096905247
2.669643607687064,1.377945142816277
2.7465399430877397,1.2697324959069458
2.810137623670755,1.1981055693505749
2.8032211476813984,1.3200185231739636
2.8812504542622577,1.3123895289218757
2.9182746695191923,1.3960239261937848
2.971060939099118,1.4905427972042173
3.012095253888617,1.5553722821632805
3.068394596589613,1.5606682957576745
3.1117448824289227,1.6915341038476832
3.169575315426812,1.6630409317327843
3.2146001179769286,1.589827987113436
3.2260539579536953,1.58179294192283
3.3016094622137615,1.4333522569472636
3.3658187506074313,1.3278616685709992
3.4014641956219833,1.2227909159069104
3.4577370480294434,1.1525245054903375
3.508344237380797,1.2251814027838908
3.530189412239963,1.398311395839781
3.5929774768188167,1.5331690588961409
3.6495323995945625,1.6980073524773631
3.670009578111774,1.7474672406965137
3.7428820591174343,1.7180403919519511
3.7681252473217626,1.6691302423060486
3.7953870993646177,1.624697591050892
3.882788280249329,1.5619734668244873
3.907869453766267,1.567833341822955
3.9990008975126017,1.5352107009409695
4.0268956498786395,1.5691409568680066
4.089898667785732,1.563179931027792
4.13704382983569,1.530611383791372
4.172619947912821,1.5074274757193236
4.236910385273248,1.463288269907315
4.290363400305495,1.4183201950243174
4.339058552819566,1.3658979410797127
4.390596838774158,1.3115667030902358
4.449916569165666,1.35170348069289
4.495072031432429,1.3862720624017975
4.546286014959932,1.4528648255733834
4.578788111119621,1.4851932719140315
4.640161311479119,1.5288159506442107
4.672699726660397,1.5736218544865843
4.715868434469314,1.6782294337976071
4.78137629103054,1.691135753185762
4.819575342410175,1.7184883440621985
4.882787164518518,1.6555514223162535
4.933866698411819,1.5511038737591751
4.984101710274402,1.4558615960774421
5.025449032822991,1.4207392205749063
5.0887601964845715,1.3892195555527334
5.122627935755219,1.3748847012390044
5.185982700373771,1.3527329254903848
5.218006640129573,1.3558040213317024
5.27438564121789,1.2679093457058364
5.327656989731466,1.2170700072988478
5.38636147750222,1.1511628660656323
5.430985359797688,1.1321856485493178
5.481679347043212,1.1937823655044462
5.524777214044761,1.2561876998726647
5.574412561088863,1.2973922484901426
5.6131865222054955,1.2889863801336239
5.6703934250322305,1.2463553338247808
5.71423915394729,1.2775440083625744
5.741743054867541,1.4365541950734302
5.817443797000806,1.5233383228116233
5.85510676188234,1.6486821827414384
5.908892914222577,1.7137597891378913
5.954832004375888,1.6902946137199475
5.993634056121934,1.6726902986918855
6.046404624919063,1.6383977069254905
6.094409426845644,1.5806819769405622
6.154043079548288,1.4829826900311214
6.210654882691415,1.3958770984470183
6.259188432287729,1.2722297943984626
6.310644786691782,1.1898966151180281
6.367276136199507,1.1178920823046479
6.411781303872544,1.1728799218899089
6.446862153702625,1.273179024270807
6.497166262861512,1.362609610071243
6.5385273544765425,1.4814384024391667
6.586885793036515,1.5973992361755638
6.630900839401832,1.652265975853317
6.6616553548253705,1.6843340752075546
6.746603367150598,1.5839096801553894
6.776868976383341,1.5164488289951472
6.839584843422514,1.405185697694057
6.891772200083224,1.3224510348434717
6.9387906301378734,1.2326542756551957
6.989520770781596,1.1685286551812581
7.047826078949626,1.126479360561504
7.073695498575873,1.1913011753117426
7.13360496854348,1.2646137898661234
7.173264335202347,1.3678162388871935
7.21919079596195,1.4319547100004901
7.285932179947693,1.4572231764736412
7.313365241882238,1.5422465739573232
7.368538318177187,1.5998394911549472
7.416025262957973,1.6413480683877162
7.464697199498076,1.6398549432771528
7.5168954076524415,1.6152434286417754
7.5749960674171035,1.5853075089305273
7.625888253654935,1.63355119977442
7.65239333089599,1.7229086856845774
7.724245045702972,1.6663601012853553
7.768556532162336,1.6401359534268005
7.786149443631885,1.6291724698398613
7.877272932889937,1.4600924522234293
7.915282609897503,1.4135102920186806
7.962011773051557,1.3995968311029143
8.010619039874413,1.4048186791369037
8.053610475562138,1.4511606842564775
8.113911032984632,1.408406812079331
8.16599526974126,1.4382088138833136
8.21373559371034,1.4640204903257752
8.260854363038149,1.5165368475129672
8.298340534945567,1.5831376166507978
8.35767179730506,1.6075136621462296
8.385496825900347,1.6490222922078481
8.454359788771484,1.635686549324506
8.49016358537962,1.6049097821307075
8.562639041534126,1.522857574406661
8.617410793162207,1.4328254186839922
8.667389074294178,1.3494663670783602
8.719366658705141,1.3466400193219379
8.765656623019197,1.3808017170153786
8.798635787999658,1.4584969538856896
8.85624652024255,1.500574860699675
8.900623217845535,1.4691904654384098
8.946407456167094,1.4723155236861498
9.004249947921863,1.398927981600295
9.063544664689204,1.3875029688165235
9.084804777959619,1.4437550665687122
9.174312769562917,1.3843602302297255
9.206603584017202,1.3902325226084542
9.258160073440223,1.416583997478127
9.296025526532276,1.4828687934751161
9.35545968585356,1.5324742826108613
9.409980067963076,1.5541934969977915
9.457487617039149,1.5777081001718072
9.50663090806944,1.5815991267975158
9.553521385877076,1.5658813156079603
9.606745347298201,1.5226748122346567
9.658269717485197,1.4836961585285906
9.702250110628427,1.4622854870486757
9.763163734306218,1.4973923639443623
9.792974515683895,1.5834635347137032
9.852637541824151,1.5812386560032183
9.902891034390237,1.5348474651167439
9.95315108021208,1.4687711277417268
9.991155740253376,1.3998043624880891
10.0451641726157,1.3437145347472683
10.120095910675616,1.309458641132561
10.1497237705195,1.368432071955541
10.211747249762354,1.3860667598879404
10.258612418733989,1.3685590625079813
10.310611229235874,1.3550765868638193
10.370066782264189,1.3197077154448689
10.403232387408593,1.3503277756740268
10.447035284968436,1.4288341389323824
10.513362726285123,1.4910596794981577
10.529417613246864,1.5983579559496683
10.605751404307782,1.6252761444030188
10.635108047513398,1.598770038814647
10.684369842249794,1.667819112080673
10.750444474598353,1.6603001965766229
10.78666312395417,1.7206817640220797
10.837022406527794,1.7326616032132869
10.890283575906835,1.662515992534224
10.945983305737727,1.5048208164510863
10.9740858113786,1.425110007268092
11.037296252072451,1.3935319446575989
11.106073926862038,1.3821960533971436
11.122798976318606,1.460690243594625
11.18153786837263,1.452639182782671
11.227417912358874,1.4042904650304868
11.284559789328696,1.4384543145701296
11.336289799105543,1.5094303425430995
11.375575519719959,1.5580356664733
11.427371870612006,1.6338927312167755
11.434730795511427,1.7054157024992942
11.510417289511281,1.5943321771459518
11.572258087535431,1.5034145439145195
11.625165908270475,1.4485271024463913
11.676633375947247,1.4367047962138115
11.72785657144334,1.4869035312889258
11.77570726013181,1.5701253811123843
11.83875921868551,1.58196802045107
11.885097609187838,1.5734018676978092
11.936913026612245,1.6007091482583564
11.95200372580453,1.6304773706751021
12.024120697706806,1.7094093449478691
12.0723077484636,1.7976524198453279
12.12103621099881,1.802369345500524
12.147641244450853,1.8490060763176568
12.245539752525374,1.7538687849760661
12.280690775534154,1.6663621426365012
12.338106814161321,1.562836961912411
12.393771526882972,1.4837862587184958
12.442154061407749,1.425696123619328
12.493698312322422,1.4095384931940313
12.544278040281753,1.4593346414129087
12.613652506781179,1.4789781156178732
12.652217127449774,1.6207565525764633
12.687973933059723,1.7763032323250245
12.728993501682396,1.8013008454103037
12.77241528084852,1.8033071069110191
12.813449791297842,1.7494065991563224
12.864209164900714,1.6895509174082846
12.93177475134587,1.634858144360999
12.979599053943247,1.6609646411248478
13.02660474241577,1.698930023587441
13.080157806113192,1.7106745454094279
13.115555987179704,1.7762548810150127
13.185051140995625,1.7527452703950241
13.239255429028503,1.7176804824414953
13.291249699528166,1.6019672860434433
13.342589839966152,1.506984006912337
13.412278860758875,1.401436603552967
13.44161262751524,1.3954331906287814
13.500391308444165,1.4066179163436296
13.554534275478957,1.4796699870328436
13.59576381650524,1.641133265477928
13.66136736533339,1.771817961030873
13.667551614046587,1.950404592660035
13.730268393374345,1.997981226433861
13.776597553020622,1.9534264102680945
13.813115656528595,1.928232794272364
13.881150644108132,1.7724897982265628
13.929397436088976,1.6771821146736685
13.962058894591863,1.6516229194856735
14.03587257849071,1.6273339554306663
14.082965618511494,1.6437456116600837
14.130169378225219,1.6782533372898922
14.16002527561902,1.750993116372044
14.23069950901926,1.7042707730164508
14.279773571734552,1.6676639598556842
14.305921599684709,1.6533661334689085
14.372522210147466,1.5789770045056652
14.401863403083013,1.586102567706958
14.470172680537388,1.542568051509618
14.521188502130244,1.5795198180905352
14.563585405766773,1.6187574801399691
14.594052799700918,1.726230951239055
14.661895076796483,1.7510979288603226
14.69025144918659,1.7565651892918028
14.75326292876116,1.7323648374292964
14.788043665049912,1.7175313273086643
14.853949521571934,1.5920898627626436
14.88985675449544,1.5419619680963441
14.951226845299729,1.534277162394201
14.98604798308817,1.5127450656344195
15.048651350935785,1.4765989932726706
15.089231654062374,1.5187638051039034
15.137539626871842,1.5457375337918458
15.15529845170947,1.7447580370718139
15.228946646428511,1.8553275726383296
15.286275496232392,1.972514553123311
15.343974777381021,1.9357599923076267
15.399808620406034,1.845274897614963
15.419966676581168,1.8044417278189282
15.495486283288244,1.7273352785505205
15.544450400602543,1.768063430978409
15.601845219281373,1.8110151146847568
15.638003985742913,1.9247812485507052
15.69078840919147,1.9676660450769783
15.743265979723276,1.9608122619257302
15.793095564358211,1.918657226496224
15.84197313852448,1.9243162039575639
15.896109249692827,1.9590802843008523
15.94529901413992,1.9296134574445791
15.988060111530785,1.9425977522831135
16.02518358920163,1.8972583848609696
16.085947134430228,1.8136544014180507
16.15709873867236,1.7210816213752547
16.200086339173808,1.6766627324745977
16.266172984096272,1.5974081062304624
16.31090979029996,1.586519845199654
16.372770243531335,1.450571389640753
16.398439040392134,1.4216983935094065
16.471190763984296,1.3314512324910242
16.497157028928456,1.3376578066912241
16.55979122100804,1.3958557624580248
16.599073960837146,1.4696428095517045
16.657675054480165,1.568698804580375
16.707376430526978,1.6000926450938389
16.749757684426115,1.6564800023739434
16.80399088372593,1.7740055024142483
16.85600083941584,1.7505968268050793
16.887143555882034,1.7085301385632292
16.95766999771989,1.554359471594696
17.00798856072801,1.4700527700230903
17.053648383979933,1.485852360111473
17.105117531721675,1.5972918408329275
17.142866806963752,1.7684732612617675
17.196565558009453,1.8430235890655038
17.257417113526742,1.8563565476271853
17.290042202781237,1.8327371038400637
17.34064210978417,1.743452944837529
17.390618661371903,1.67864956967601
17.44750845817694,1.6395521112490132
17.510839397215932,1.6233847527190695
17.5205728690799,1.6953212985404076
17.583768234456855,1.6728534784608184
17.642971789883987,1.639328635920785
17.686512927384925,1.6649962475521196
17.751550758916636,1.6206840774090776
17.778942349306803,1.654809429033337
17.83054399347317,1.7141327619995756
17.891844930425023,1.7846597223742249
17.92515672780445,2.0356684458164946
17.966554110177555,2.2366576916512058
18.01875500528854,2.3934514672677567
18.052946741792837,2.390442550571564
18.128220482394838,2.241180934166744
18.164447488095192,2.0629573607497163
18.243517463162405,1.7952287101825106
18.286932795596087,1.6005452414923915
18.340689221213864,1.4705959869190266
18.40359759052167,1.440035579096174
18.433894288705957,1.4930696865544388
18.472144529687256,1.616540515215855
18.499128970134393,1.7997049749073153
18.53097298207085,1.9396370600301875
18.58400406533238,2.0731175542768536
18.63542998908453,2.132267986195111
18.676380542653874,2.2488365341427636
18.7188304291532,2.2734679598276255
18.768763647457504,2.2682782459313477
18.817347290446193,2.169747162435086
18.87938834731621,2.0163826136260043
18.93851009409596,1.8466600478549848
18.98162275784148,1.6735427002297865
19.08566294286217,1.5058206182797265
19.137555068433784,1.4351066907818675
19.234582395446722,1.349709837393958
19.312278366517347,1.321311416448242
19.39310388677626,1.3004395695641684
19.474350885266546,1.2982306570364817
19.496918055503713,1.3383737690742352
19.54741166173436,1.3799677841136202
19.604426256210715,1.437358967259633
19.618122309624525,1.6066006479696142
19.644301155673233,1.9647956135855278
19.666385295773438,2.4822941384359023
19.663485801696268,2.9747213289482257
19.666772558665684,3.2936985485089085
19.71948445560649,3.181579086474594
19.7580987277034,2.873462619807068
19.830837089129204,2.3210283591243948
19.89507051886568,1.7697638224513126
19.943255566982472,1.3934406716381567
19.99560223299207,1.28027073666952
20.03853217960372,1.4676967918191735
20.07315253969651,1.7931786542602528
20.139833605948667,1.9727690055812888
20.16162937722568,2.0711557448743054
20.224222192416974,2.1908485730334193
20.306955380540302,2.3159779767004247
20.355710881805663,2.514409851033908
20.40543621895526,2.439971923884465
20.49158392666118,2.037408200992825
20.568798333192618,1.2827326050661205
20.640527938300195,0.34641010812422396
20.70611756932604,-0.60127721978509
20.760394360458676,-1.321011751745867
20.834433055038232,-1.6368318460068931
20.84944987330593,-1.3425939812443735
20.88787320731919,-0.7780946350516784
20.918462265642802,-0.09593961254673977
20.938865262341707,0.4533098901009775
20.96913131425663,0.7281158512582394
21.017662872219233,0.8001573100513928
21.055531189590994,0.8316057601923247
21.096921017070628,1.0010916424651066
21.124811736493072,1.2335788231344704
21.20526100898546,1.3699144191876533
21.229483271726536,1.578978959808616
21.278442293471812,1.6941587585095996
21.317930147150207,2.0284699880902286
21.34272918197489,2.5609938498600116
21.389935136549354,3.033753864808155
21.44065820457351,3.140117187439791
21.491963357324337,2.938288961548527
21.556658954914354,2.645463202733027
21.619217336121167,2.568179646680686
21.663929631078787,2.782208576515078
21.721102503465914,3.019805773953384
21.80224367871523,3.1305558385118992
21.905257158484446,2.792443527450626
21.978666123536684,2.0927184545787574
22.08674937070019,1.3086243872280066
22.140067154046534,0.9262190988419376
22.182292328619567,1.058340883468864
22.22499462505303,1.3715832532458796
22.241029383802157,1.7085824464517358
22.286828547899546,2.0036848203034703
22.30897903262445,2.50164944953658
22.327884217598978,3.2092390747110837
22.34863582041227,3.843766979874908
22.392801111354714,3.8722200862991647
22.46390305453791,3.2015415096585516
22.506396537920537,2.2264423932026416
22.57713000922344,1.3971145749058138
22.61038978684948,0.986288388697383
22.636341430561586,0.8676371370928198
22.68894055741697,0.9178014277949431
22.723301531697587,1.159264616929383
22.778324808053483,1.5524260909972702
22.812155473432753,2.209853643575668
22.835482801208414,3.267031542439665
22.86572314421622,4.873457837036986
22.894738473270053,6.7079725360294935
22.92174826348422,8.175540719913617
22.9650710434977,8.6189214178134
23.02042317061334,8.103379677298237
23.084913808340715,7.327301300643488
23.10627685848563,7.085635314095635
23.157089793940486,7.501509768574754
23.208569399014138,8.610085511273494
23.24899477681616,9.95131524867384
23.264528299440613,11.085459825057407
23.316320661613616,11.712136146012451
23.393504692766044,12.304031438249718
23.48810550507892,13.165291533176836
23.541660927618352,13.956986057911605
23.549054998025653,14.637624694200786
23.597660659359533,15.801693025542813
23.58737660020347,18.555334494011973
23.55827854036845,22.72071806393535
23.51939912535697,27.076628241137918
23.554979212374974,28.738544478770383
23.597667391223453,29.26929234589506
23.63486338561387,29.60392501854773
23.67362066187691,30.275883081778765
23.711299825721696,31.61743629434167
23.739815592802984,33.50225649930064
23.775270628661033,33.95165801108708
23.84073579564229,33.926600630402035
23.89086557945062,33.92852875763918
23.942311594648686,33.93016678587874
23.988657391531206,33.930492129844566
24.037145471614664,33.92896303940591
24.065270518194694,33.979919665758835
24.162306671773663,33.89896403184235
24.209433858291135,33.91712843025296
24.251034211190202,33.945175869199154
24.298334616839455,33.94700896921503
24.367865028158278,33.90515604289817
24.395415517212854,33.93843002313319
24.42938766333772,33.943194873929926
24.48146071828927,33.94453663066114
24.5369788442612,33.9662713341497
24.602564564512548,33.92468643512839
24.64308007998673,33.94244403205845
24.71282387242708,33.91114445643809
24.737159704246892,33.9528930599824
24.785530171644425,33.931571869293485
24.808427723218372,33.960886142819824
24.813488378566873,34.01466821368576
24.84925105149722,34.06225377343635
24.89585403496841,34.03649511002546
24.934940736142863,34.08199338419699
24.940936769592568,34.140906170477706
25.00578157819426,34.109837992739834
25.021873706109773,34.162046806246174
25.06561753476116,34.14037710107148
25.158186047899164,34.11722706235594
25.246551067561597,34.079124221835684
25.326805332258118,34.04045728389016
25.416973626252442,33.99257671258042
25.469763782758847,33.9672309312623
25.524088713403486,33.94092160875057
25.57933380062144,33.98021215941557
25.60217159613363,34.01029095290009
25.666165495344757,33.97007071587324
25.710733507892428,33.971210276826845
25.774701562106472,33.975690650668
25.820007769882054,33.96750033997481
25.868542857586064,33.96905771265582
25.937457915506542,33.946273859732315
25.96354928205693,33.97789429274841
26.030790165647247,33.91583447635497
26.051799112452613,33.97718021063309
26.107706900894726,33.99913292779784
26.163746456363555,33.974347020047865
26.21248027610268,33.97564178159817
26.26388554707522,33.97719806490622
26.31201952101182,33.97751615290627
26.347551957140396,33.97225072307503
26.418447915402723,33.950787032673546
26.442588326594773,34.01182172728545
26.544818930417364,32.71126777871079
26.55774557095053,31.66592238619828
26.654030306691624,30.76538659056222
26.68982618506584,30.303327401613423
26.753718546726233,30.311208529682965
26.801413340420424,31.157552569423174
26.837830534943393,32.667043456615836
26.865522775818036,33.97735884521803
26.91696487360825,33.98881093959854
26.965487543868832,33.990220262365035
26.99742473088817,33.977700465534824
27.072191920791653,33.97682579679066
27.102565596522055,34.01995076067418
27.143842178363272,33.99814103915876
27.20902768587314,33.53728568878415
27.271886781693155,32.91143158740778
27.325524018195267,32.73004975935165
27.37416728419153,33.323479635402975
27.41872044271932,33.946491553425524
27.452832188461727,34.00220030466398
27.483764854470436,33.98519848311879
27.546739743704038,33.99984331859402
27.586531961521942,34.01497020268756
27.640817000295783,34.00894920956486
27.70124415417176,34.004074497149254
27.74904695533661,33.995101991683335
27.814521637585543,34.00080504810954
27.858861932962427,34.019049274497476
27.90533749965371,34.00956793726831
27.969301174312733,33.99186441147794
28.017815302351735,34.01731319809207
28.038923779485756,34.05562073376573
28.104049786957802,34.014380689151636
28.130725509624654,34.04444313316276
28.194305636650597,34.027835694703235
28.27088635054382,34.00061054008532
28.30030977778121,34.04194165196708
28.347531864278253,34.02290194403034
28.394697272472158,34.02464506882446
28.448663549610103,33.98939946730459
28.505279816409427,34.02087747024447
28.538957743242136,34.00852838593642
28.60387682971877,34.02492424572052
28.648249644707363,34.032122470319706
28.749582374839207,31.423810880737754
28.8515658254871,29.26073301175249
28.93485711209692,27.933550657831645
29.00139389452866,27.21884591875683
29.07188747605693,27.262480170782524
29.10709334476941,27.769012363670964
29.12290258110194,28.200833514374423
29.170975949163832,28.47498268281084
29.260072836020456,26.186286758424206
29.37189142947092,22.854246206716454
29.465025815005816,19.465470051795368
29.568477416588692,16.43569733685599
29.68520092851699,14.152381477514217
29.755184564715734,12.520334531797523
29.836491933467414,11.223126534251556
29.89716134226535,10.058971047966585
29.969858087640205,8.720662448995412
30.05147896607174,7.273068838667273
30.106740639041078,6.113740667667564
30.168455697588143,5.428949858106144
30.207930088997145,5.543150128610957
30.257985961542943,6.460663975004286
30.27944184388926,7.93676804234551
30.300811958012076,9.28903214676253
30.337276071840222,10.098417820533607
30.398498595484426,10.335604243604582
30.457194793860296,10.121208547254424
30.5412038427867,9.407414227300045
30.578205456551757,8.586560634309228
30.640810844997603,7.776695356834681
30.67709650147698,6.938001800857849
30.77142514122866,5.918205876311821
30.848139052693327,5.403488889560703
30.90681315844995,5.8988872886275185
30.903320220427744,7.456548996524059
30.933212016046994,9.424569146428725
30.9822500885696,10.805475152315678
30.99867231706564,10.836286602307776
31.092982904735578,8.929034159651392
31.204562328329814,5.75238588873395
31.30809070442713,2.849602907602299
31.3880724986914,1.554710523903694
31.435570690514282,2.0270669685580334
31.47675754979757,3.457139876761685
31.494897622187423,4.9027600192687535
31.528707364131023,5.603267540391349
31.553101527457386,5.280328826013947
31.605493741557837,3.98673576882502
31.702454727555676,2.2807005842575236
31.757574020719076,0.9603568002328702
31.831163094027275,0.11092894733635517
31.86966351620545,-0.27051797795614685
31.95870792823837,-0.4240597682459015
32.02019486155683,-0.522522309400572
32.050257351859216,-1.1694330025122588
32.13792473607808,-2.7977440580844215
32.20442101319006,-4.715103113634218
32.306377135654245,-6.293176134902566
32.34879906559989,-7.290560436978511
32.430686517864544,-8.067750023964086
32.49219197592102,-8.557284669928942
32.55765912544854,-8.867043878666387
32.60376981688874,-9.55165485721279
32.66790269745849,-10.807786314097992
32.74229477910893,-12.201480313960774
32.83200869589915,-13.23589876599561
32.92305164413739,-13.913169444329554
32.98776491021309,-14.250179605690251
33.043164006032484,-14.108075611975949
33.098044473421695,-14.205150703202785
33.17130083158891,-15.342562561160868
33.265117856928626,-17.178472290018846
33.324542395168436,-18.379985698747312
33.38300216074771,-18.762612216676914
33.45268720831727,-19.091639619989152
33.5290163930172,-19.732157629748084
33.5837972457857,-20.366476614740233
33.65645840072948,-21.480559138015888
33.73066616039188,-23.314472271229853
33.808853456867595,-25.320765895101374
33.9188376289692,-26.48973401679904
33.971648364758366,-27.132393610356083
34.030950629295944,-28.22458393826515
34.13209059686527,-29.898173105382668
34.206051570014736,-31.415896048963386
34.289455688073616,-32.815529049338636
34.33446187047254,-33.937966510719846
34.393290876082546,-34.32520864892113
34.41655084184043,-33.95001194613264
34.445620776410394,-33.98153716812229
34.54492780072786,-34.90895492393691
34.594343900341926,-35.68279611050296
34.64990007764531,-35.72318922722471
34.70741820754728,-35.622885927108605
34.742301918002696,-35.90996385676084
34.78463634763908,-36.24982840182599
34.81738269929875,-36.42737744713716
34.84096831003805,-36.78929710701571
34.876840671313715,-37.306442265945336
34.90256858507759,-37.786527922162435
34.98003057525615,-38.34518260728845
35.02452350579232,-39.159415731594336
35.09860226130337,-39.895648053415165
35.164430183110895,-40.05312118026932
35.22011839679992,-40.12992566663557
35.2587981521754,-40.365920945380985
35.32832231143212,-40.35260758653051
35.381289769672065,-39.63341592048674
35.41781817711801,-38.90823097569328
35.467754952704354,-39.07301630866456
35.5338312112832,-39.50275821275856
35.60104125338238,-39.41505781762502
35.63064630118704,-39.174578758222935
35.70496517059226,-39.47943923840157
35.77251663986971,-39.87246987769065
35.80244527933806,-39.898872877017844
35.882465250937614,-39.90288319053457
35.923715901085885,-40.08702547576307
35.95652064002384,-40.14768127577384
36.013555823938276,-40.09680806187712
36.04947522833626,-40.43052909789694
36.14551430607868,-41.49459890719976
36.23326532012703,-42.334694526781334
36.29550090633231,-42.707617166110566
36.341265025125296,-43.24450053321111
36.392380273779025,-44.189113865521044
36.465345687877786,-44.7764166865267
36.52932654111997,-44.68828485767257
36.53566895664092,-44.71329551731155
36.6294295138911,-45.53925594361777
36.66603535094325,-45.7695105762771
36.70933568802376,-45.94478646837388
36.77689389059999,-46.063697645857
36.78930021276422,-45.93132399851278
36.84867257558898,-45.752744559423164
36.866423521782906,-45.54683275393057
36.91570096240382,-45.512712398777815
36.940353001022885,-45.421668900950834
37.01106604430544,-45.530273465202605
37.03090350324538,-45.90273142817566
37.076641010973574,-46.40919546352617
37.13245743768016,-46.79283591659907
37.21015281631517,-46.93924054782438
37.24777737454062,-47.039321707114496
37.28841401000254,-47.19133253231056
37.34085591185368,-47.40354454713204
37.417511913548424,-47.46950478791022
37.44345987799514,-47.41781928646303
37.51282023839977,-47.45034208139535
37.53641700471137,-47.42201044148745
37.61201694347277,-47.47835955267011
37.66379492037824,-47.447037501577
37.71779783687913,-47.46298176689187
37.797408999419616,-47.480695207245134
37.813267259771735,-47.460052401877206
37.84015186089039,-47.411034681139256
37.9289377811357,-47.47702997931094
37.95861748439239,-47.47099529932448
38.0271535600713,-47.462618640789174
38.06532879518416,-47.45732410258502
38.151853481155314,-47.503883315686736
38.18781041431542,-47.49193909312519
38.241979738762524,-47.496866962300494
38.31352911950785,-47.519862679640966
38.34822021564244,-47.479577507069685
38.39938309717674,-47.49395983987663
38.4585069404373,-47.50991564079043
38.49345309935397,-47.48747115346675
38.53124726139583,-47.48210574082957
38.58636733165804,-47.48809053006796
38.65191643615108,-47.49536526544413
38.68573255713315,-47.48517782704104
38.73907627904667,-47.463100398752765
38.808530602638044,-47.543306140891985
38.79733434833253,-47.42018098478978
38.89489367886847,-47.51814220845194
38.929205933192165,-47.494657210932544
38.98546993207955,-47.50685216774178
39.02073171052828,-47.48330146347878
39.06913586358259,-47.45567442542478
39.100099380586,-47.46674077309757
39.15361183468565,-47.44756320886261
39.184380813645234,-47.43963310546406
39.25647192356732,-47.48955120313509
39.27240822095506,-47.42044333841574
39.31386908206193,-47.4235350620133
39.39296321612788,-47.45905810909487
39.42306908695642,-47.4259934734746
39.49792087409516,-47.45334213163582
39.518462011861374,-47.420260510202695
39.56958771361053,-47.42519637415772
39.65046275074448,-47.474942567780786
39.70080777329078,-47.47687875591677
39.71780011527564,-47.4496914597542
39.80577344119452,-47.46972752151763
39.822984253719,-47.44363040107817
39.900513327921644,-47.47383972193801
39.95611209623878,-47.471933527786746
39.98279728413753,-47.45405409957329
40.05391578203421,-47.43353259816334
40.107348846164086,-47.456424094372345
40.15835115198303,-47.45883622778293
40.210949123635544,-47.49320844844825
40.28208006525688,-47.51198734947648
40.31713241521423,-47.45907259303087
40.39472287690096,-47.49518445935368
40.424823236125775,-47.46472720547602
40.496784887407614,-47.48733782145508
40.529088307235156,-47.47758700721543
40.585007689088414,-47.46927022986704
40.619571791769985,-47.45757249699019
40.66424861950023,-47.447181288097624
40.73880690220504,-47.47804424818597
40.78469822463428,-47.47215499129943
40.80872213419275,-47.468299214160886
40.86316113900895,-47.45102185734997
40.90196937683082,-47.40690369692608
40.92797684101586,-47.36543409866065
40.98363389863647,-47.36424135443847
41.027964103094845,-47.38025848647323
41.09493449657006,-47.37985856616428
41.13521466746751,-47.40318686517616
41.18989935260217,-47.40354932503879
41.24021833768337,-47.430347893705644
41.3116538619536,-47.42399694833166
41.37184036506528,-47.46787139288582
41.38630762553916,-47.39324729821618
41.472614687731905,-47.45560756081247
41.52057267825498,-47.44080554566455
41.54339063467553,-47.41461502241023
41.6197393564055,-47.45349391044324
41.64646668575139,-47.4286851341241
41.719675405881844,-47.45352549327037
41.76461177863128,-47.453132425425224
41.805164934397,-47.42543170570939
41.890694481475634,-47.477081639590025
41.936010251991505,-47.440647171993895
41.99048240553516,-47.46707862767436
42.00747187133898,-47.406658366501766
42.04616827976578,-47.41796479761505
42.109753743590204,-47.430119441474524
42.15613181689717,-47.42162528537216
42.16673329722808,-47.38439692103098
42.23218040211917,-47.38388971386233
42.263614737528215,-47.34301784519315
42.30465583340661,-47.33446403157718
42.353054726300854,-47.356196603471716
42.39384938511148,-47.34408158994377
42.457452733897,-47.362853890520334
42.501994461042116,-47.35391324559167
42.52916764186507,-47.316287339155956
42.593219864211676,-47.296735817976206
42.60816605144497,-47.01782320821243
42.653198305782595,-46.816830190585954
42.71201148056144,-46.65500971754891
42.74539468193686,-46.55889786806411
42.79211155098835,-46.57500841797117
42.838196763282525,-46.711583204139295
42.889722968463786,-46.90009639088991
42.944354276402606,-47.04218970644807
42.97069716058249,-47.076235651699534
43.04749623807696,-47.080068297432454
43.06271593166082,-47.11593990769177
43.115562230566624,-47.26489424896924
43.16677431323724,-47.27995710871334
43.22995851729286,-47.271945509001384
43.29109712369426,-47.28367948736975
43.378979047445696,-47.327863821008116
43.40864275566507,-47.32024003678545
43.490949374729425,-47.33327506941891
43.502183759170194,-47.301855527411384
43.57097326051539,-47.33015523311057
43.65258293538339,-47.33152046054066
43.7050093790357,-47.36680792915372
43.75260868297154,-47.372259550647385
43.81120224872902,-47.08151943998706
43.872131697365006,-46.463521689494804
43.891999395511306,-45.919789151213635
43.95613450803431,-45.286472082648096
43.97914559683643,-44.22117837628161
43.97605821556077,-43.20744746129951
44.04733674972459,-42.41201273748881
44.054289194126454,-41.31392990188213
44.07755151729509,-39.93013164563579
44.11705465729348,-38.67536361736461
44.15389514432903,-37.909706590952005
44.19725022495581,-37.51907778560817
44.22881483076401,-36.9455562478011
44.28819509363062,-36.41238570023825
44.31495421847987,-36.04689287411418
44.37033600476265,-35.746143675468176
44.363635636265585,-34.77684621775878
44.400122352133636,-33.107911962737354
44.393142257240186,-31.570406610329915
44.43216793469,-31.015482503820966
44.46197860381251,-31.150952685226308
44.516140828100106,-31.22518191141454
44.5541113379259,-31.18805918402869
44.60461848889531,-31.602923699577286
44.66345454479362,-32.08814589687819
44.68888388131313,-31.884171895528606
44.732547991852485,-31.263682966705584
44.72856062131973,-30.474470429735405
44.7798990158458,-29.739048417925037
44.81823263895345,-29.16045166746627
44.85855329072942,-29.162537321805814
44.90457796141955,-29.630364354750988
44.97998536668007,-29.98866807252327
44.9845518947655,-29.99646905736656
45.03044932119984,-30.123256984575665
45.070209192482565,-30.313661420216356
45.115357877191016,-30.345915463694748
45.15359955206024,-30.55820051822356
45.23257809129477,-30.839795192240555
45.25949880250778,-30.153948589522777
45.28214086089528,-28.591624367980657
45.316749258599756,-27.198371673081898
45.38430817535367,-27.101774960855554
45.40544472092154,-27.79830413494278
45.46737910266074,-28.438539035828764
45.512928725043025,-28.555398609252904
45.58270890933994,-27.851516113051336
45.62876003758181,-26.317667688170154
45.64661551626304,-25.248145328539117
45.709025940554895,-25.61586673937707
45.794711869442125,-27.127683984597414
45.85377732513942,-28.534382477992395
45.959353835760254,-29.034541041714927
45.99611118758564,-28.661334689364
45.994777387312695,-27.83811931128536
46.02781125167418,-27.556301191163463
46.0813352023151,-27.9373047364176
46.16168780306843,-28.852187136986547
46.23785713104782,-30.08639149916655
46.330314871932,-31.10782976344267
46.408038277356525,-31.350533925411487
46.45227052395286,-30.821674641421296
46.47011451732422,-29.292853561675173
46.50215591186259,-28.363035779010275
46.51065660936892,-27.85030359566647
46.54938046653656,-28.12195791637518
46.582608458011805,-29.158495940289978
46.69002728360526,-30.589761333102267
46.77693799006235,-31.715436223955695
46.85896025122685,-32.3204335292395
46.90954722649545,-31.458763426285348
46.954907691711895,-30.388470363862435
46.99820139872047,-30.587987248500788
47.023225512553324,-31.723640066750708
47.075978038714624,-31.365028923840054
47.13270088253819,-30.661630478171077
47.15657027646138,-29.89651683040258
47.15924422945851,-29.147929456706677
47.209463968527686,-28.52560830091737
47.22150930029835,-26.700530557716043
47.241418511942754,-24.555827754810974
47.283921367710704,-23.537512508733734
47.33606616534358,-23.826428612391467
47.40248458760587,-24.766068328308393
47.468711133474756,-25.266473070062617
47.46837039097544,-24.64972660159765
47.49950717203089,-23.47604106770476
47.527974752868204,-22.418389908798925
47.52778474408869,-21.881489940781012
47.57783240387698,-22.510646105776257
47.648642227822734,-23.915026764307175
47.73562682878952,-25.147296563687714
47.822246399866245,-25.406127643186068
47.88599169184293,-24.48949250851653
47.93246982206395,-22.680033611938843
47.9754851187064,-20.419122470044798
48.007444984465565,-18.865867361280536
48.02655610715334,-18.860515095926516
48.05428543987061,-20.449997422142065
48.14371149136646,-23.05821816832388
48.22191549534007,-25.542939952096066
48.24825109311314,-25.284555952486212
48.29581369201006,-24.31185131709452
48.303348762721996,-22.623843064946698
48.31243375065914,-21.086800821493302
48.33844952249039,-20.17972171714963
48.318850821672555,-19.785930132683944
48.37219477018276,-19.452499388657117
48.46840728654665,-20.24672938096159
48.53649927765706,-21.709784686349625
48.622772803210566,-23.287370216687965
48.742835763334966,-24.46024502793915
48.785911070867485,-24.720193718386373
48.86368129427649,-24.032669612404934
48.879296145560446,-22.598796690157187
48.89901902908376,-21.210181637438854
48.95591344343862,-20.885217396588146
48.99532819038578,-21.613542817618097
49.05396937311703,-22.930310708359606
49.11724977552194,-23.95835955443242
49.179872918614464,-24.05262365697451
49.20291313825216,-22.70255973298065
49.22179296236746,-20.157349587050792
49.198041492025354,-17.033768770792168
49.176368858392664,-14.13749955307544
49.16593349821527,-11.793917026839045
49.15985035985881,-10.233691904242537
49.18015160858667,-9.560335948921079
49.193777184028306,-9.286542648001692
49.25477594672,-9.034799326606047
49.311165213657645,-8.718776653494574
49.33012220739697,-8.351070817060824
49.405014312928685,-8.128427455222013
49.419250829500314,-8.341426417229425
49.543231400859895,-9.52269173913
49.563434500156816,-10.909888125121315
49.670582140292225,-11.996149310421194
49.75223310525662,-12.20161085798908
49.82814019120838,-11.62622333273758
49.8309722936274,-10.075253566171126
49.844277163886034,-7.951665238482278
49.855268679819616,-6.163992638357471
49.88449132066799,-5.134844785983855
49.92280077012616,-4.758988441976785
49.93647271791875,-4.724429539727211
49.9992390624201,-4.579856168309061
50.034193327780955,-3.5183289779596665
50.04914747988332,-1.1713380764993246
50.05380208591694,1.5212554696876612
50.03985136774813,3.4957586571137966
50.09413480413821,4.038216118414445
50.15903792964764,2.982477269582011
50.234013722583384,0.7199391828476913
50.33719485353579,-1.6000826193794528
50.41618995606052,-2.7682510926202992
50.46381177154629,-2.3326690333324613
50.50335603832356,-0.4133597241626086
50.52007070042457,2.235293226661485
50.554889950826535,4.471859850525325
50.56932306281057,5.134887198686961
50.63748623751893,4.049982783430036
50.70625897118833,1.760150652644747
50.775111079589266,-1.034608678223445
50.88168717136567,-3.4459021060555077
50.948612925568625,-4.6076146606248525
51.00000362095024,-4.5204017005227985
51.06655124854602,-3.703979473077437
51.08632878433693,-2.5429861312220137
51.108321370649335,-1.5573037487374022
51.154755140022544,-1.303249573227759
51.183799935436994,-1.9627850641075477
51.28413233734972,-3.5136434576505113
51.36643985154828,-5.595322713356664
51.48039713324252,-7.932442327225793
51.564443886765176,-9.895183683596716
51.64934194254832,-11.075635219777329
51.737826621948784,-11.691427998695184
51.770453744525184,-11.682974498933863
51.81574401253438,-11.171049793693372
51.82534741585911,-10.416590483864368
51.81864652698577,-9.739642604879945
51.84601885822498,-9.409655603623452
51.889909963085174,-9.40733936157756
51.94295267640379,-9.94659529242723
52.05035728426141,-10.771927058460989
52.141004327086705,-11.313112738182337
52.21636135680653,-11.071179373968052
52.26940309702823,-10.213251790046554
52.30858688436625,-9.088784981719515
52.3294954023968,-8.273103656254978
52.39186428934718,-8.306674257677082
52.42648009582855,-9.095480458948403
52.486340062562945,-10.023714228565362
52.56695215126905,-10.453370470674331
52.616986044884456,-10.140341728840982
52.65228476324607,-9.064817779708692
52.691192010590186,-7.648530532038398
52.72705643590352,-6.64804242438701
52.75326816412664,-6.250657546637671
52.76526921588379,-5.886878864968696
52.79060670317304,-5.262644701635875
52.82383727869605,-4.680246757463503
52.87874030845353,-4.480910817995716
52.911598243908415,-4.740424935049282
52.984549113050704,-5.583338014025881
53.079976231442956,-6.46368098377312
53.09660711568854,-6.081973195026188
53.157824720298905,-4.209397883580449
53.09874844403252,-1.7795045515615737
53.13424002947362,-0.12513066119510685
53.119538194128765,0.6452232472211784
53.156523369594765,0.41063468919209273
53.23273546404879,-0.7062429763307088
53.30890859632591,-1.920025978783143
53.377368017963065,-2.7682609114200263
53.46082784153704,-3.6604502218204154
53.53285321616478,-4.384116235449642
53.58163989125295,-3.919373210178997
53.55863420237597,-1.7468261942653516
53.57376322593923,1.1473113598534785
53.56736258618457,3.5601310307461738
53.57310851109726,4.7281827847621285
53.64270194415781,3.869335562853048
53.72106613762429,0.9743985960160934
53.861452194734554,-2.445971558782711
53.98185420857287,-4.7587331734413985
54.05079103571623,-5.709550861541588
54.095247163504865,-5.48340701003562
54.12888858176473,-3.7889043886384535
54.107750658589666,-0.7123989538780937
54.092611459121045,2.627536615572679
54.09977023172466,5.130917349104089
54.11106902907399,6.356713884307083
54.20961256147521,5.659372379416344
54.303336733808706,3.240391509154146
54.399362448544565,0.5111522773297689
54.48903826874421,-0.5787623486343128
54.53774614186146,0.5775123130351135
54.51786552160782,3.3217352170522156
54.51160772877958,6.335162662836231
54.53172893974562,8.311402445250456
54.57594753485883,8.319351624029114
54.63494006357526,6.793443171776481
54.74879400376871,4.991342874389851
54.80441846367242,3.9950324456106943
54.85439640371479,3.6570603847882683
54.88619273619129,3.7205650276871243
54.959831904843924,3.8623799063519817
54.97282658661507,3.73412565602929
55.03577042077832,3.2022714927728817
55.11104430692578,2.995171269874538
55.13150369144738,3.6390556181138143
55.152779016150845,4.984944292140154
55.17696466621818,6.430635051723587
55.16655352510924,7.202426299567372
55.209573669338695,7.054183282424042
55.27320283530911,6.446413758907014
55.319713932495844,6.034732870338147
55.37105738775742,6.3630801323310875
55.4149286145562,7.142452398925382
55.46576750415434,7.780636501768527
55.483252608293085,7.662587807848706
55.55258344476202,6.97565022564238
55.595734484209345,6.307266365685507
55.65911705007525,6.316472690712115
55.70283788101602,6.76532192976822
55.75209011967699,7.239333088051724
55.793613454228336,7.408602045785339
55.82607859913689,7.228305092440653
55.89705253234352,7.009055247131817
55.9355881509956,7.600203142502718
55.954005894558165,8.953360313189018
55.97407642840571,10.480154676093164
56.010377479383976,11.44462978746151
56.042335090570006,11.783597856176954
56.0841808183572,12.057630999044264
56.115706112022295,12.744652631370553
56.156535033995794,14.332798625010296
56.122535069429404,16.33602109684279
56.16303268767331,17.85086832528254
56.179193242099515,18.282161394420015
56.274130621939676,18.186551341913297
56.301068805725066,18.42231617322811
56.34241306156996,18.87367308017216
56.37229392961444,19.134854764642252
56.407749685485,19.115184004507697
56.449911588869,18.804084201192502
56.49846215568168,18.518785782364446
56.54654878064535,18.797703133462168
56.580698612766,19.820060774706622
56.620858194002906,20.80701116920741
56.67862234448151,20.84773790003365
56.73339410485103,20.25825781228198
56.806468429616146,19.971038258627875
56.82324902380145,20.52822315248869
56.860865269477,21.60190675830565
56.893289564785434,22.741039465750475
56.91827107686889,23.11415558270963
56.984759261845326,21.8964587164902
57.06893830411802,19.392725290813917
57.18155819576525,17.07038438049413
57.23037356679528,16.413538470769126
57.28702440996035,17.703230790789007
57.29037650312013,20.733114759680685
57.271973702138425,24.479422488980816
57.268455699959205,27.251269375449265
57.283928287418306,27.6764653364828
57.39315982970457,25.685582524833475
57.47314939764898,22.632696488679674
57.603732669246895,19.600771213823094
57.6703721788722,17.63155934373121
57.71163791092347,17.364139315962007
57.754349528243566,18.77110235504143
57.75893058771625,20.826365491167994
57.78526581051294,22.662425337393874
57.80819344835304,24.213556990977985
57.855374019582214,25.680337496043443
57.882859626143684,26.933841072206015
57.907732080956194,27.854562291463214
57.974292247539594,28.36274229868841
58.011675430031474,28.603882865462644
58.04761752897993,28.783334546286223
58.06271850522647,29.880466971482743
58.066904490976455,32.382361320736706
58.105559345131795,33.6523136284455
58.13657702023279,34.41982293714746
58.20135466201158,34.50467313112344
58.2756576932624,34.27956988107129
58.27715437407606,34.0583401795383
58.361519274047694,33.84677092443108
58.385878344171815,34.248326397687585
58.43122134000332,34.79113221567247
58.47395663937674,34.778236998832824
58.48539543613079,34.836159457963184
58.53977661303871,34.822125082349125
58.56603103273481,34.86203987062826
58.63666424012233,34.85739194385932
58.7087093690872,34.83685875649253
58.75388195607378,34.829001098387344
58.77838635136824,34.84518024907431
58.82278045900701,34.86246363180626
58.86188222837448,34.89373754646896
58.910459265959915,34.89530726228315
58.96656910660509,34.869941683804335
59.016833474591394,34.88171754814051
59.06390177646075,34.873143619854964
59.104938348029734,34.60003154513843
59.1589366190026,34.87206747965459
59.216182420601925,34.87801733763207
59.250339684589775,34.87597245644162
59.2946193115648,34.872939256427735
59.35396611013003,34.857818822250465
59.41462521516523,34.85285285716346
59.446705798357314,34.84027074586469
59.506014188230054,34.21795851350118
59.57805476398069,31.45444407066845
59.6642480185714,29.15530578843937
59.72976933853131,27.614071239419204
59.80138845653518,27.12388618992003
59.85361568092303,28.40968072694227
59.90854594234945,29.736825028446134
59.95385459207081,31.074611815699406
60.000788450247924,31.871553089718244
60.01360350951494,32.021615947392924
60.047762676023,31.495260728190523
60.10566987024039,30.438838678546464
60.16088175677031,29.13590268386738
60.23905640018852,27.733010783261264
60.32201958641734,25.970646829532104
60.44009919042024,22.610290299182406
60.54766426999781,19.345806855542477
60.665498384376846,16.214845317150942
60.76450232267369,13.38538449237737
60.87776127856107,11.388350851644347
60.931091584043585,10.388980892216273
60.993754415623826,9.967886480309655
61.08862116850419,10.098432516169021
61.083740477893215,11.15710898458431
61.12748808182177,12.637672912210622
61.13879361868918,14.286325026849898
61.15097549553222,16.17675858783128
61.18059010104504,18.118560761486318
61.23485353555766,19.496989980778377
61.275194450481095,19.806258384572224
61.3419633279086,18.90608876643765
61.40607799382734,16.777988972055464
61.515282016602995,13.964829826247696
61.601932947690145,11.753380303385613
61.67037869654273,11.087718082635373
61.67253581164057,12.146659483701248
61.72667873635571,14.708340425144042
61.707558192654076,18.587954666250997
61.67538801472658,22.453142025845512
61.65478216643915,24.910667894801303
61.68931476124173,25.237437389557876
61.76755346738601,23.511161711264624
61.883921002595926,20.424684733133507
61.97778879934812,16.98362634378915
62.077419875301004,14.24957019947652
62.100283079985545,13.167237891690766
62.17475724276959,13.764177006539802
62.16943630456883,15.92187912775327
62.18967023198881,18.905002898587963
62.168552442354624,21.81656829873851
62.19240070422306,24.037632977964773
62.23543236647258,25.287295105716527
62.26054000039248,25.430153625343635
62.3480778202583,24.444245901426214
62.43378166261239,22.939699720548244
62.52699219163732,21.351145277210193
62.59232766470076,19.769608042238733
62.681253672210815,18.26113912883497
62.74025016368397,17.031364573758026
62.82144863606247,16.072500695417936
62.891724785536795,15.26514063222898
62.95156923215042,14.553885762384107
62.99491738695009,13.793488382763812
63.06155157411847,12.813645808950028
63.1220746677799,11.678504620303423
63.18154294999944,10.931341412940146
63.23691595037023,10.467479383943868
63.280120331852245,10.115274596437875
63.3497517454948,10.023299799800935
63.4005769642077,10.272368405266516
63.442678537256555,10.754269253898352
63.46495447945368,11.003150845659736
63.46545129760629,11.02749530915166
63.49548138625188,10.704565862127923
63.517992909340606,10.296244115744415
63.4890673893497,10.268349621704852
63.488976557004165,10.540346741960054
63.47427176382867,10.886392405890017
63.46728848095988,11.287149426676686
63.46348503799068,12.049142185680681
63.47170152755085,13.284321957168148
63.45116068388482,14.703237861098351
63.4582821391751,15.918337861217472
63.42143041426995,16.624759730391226
63.43406522812795,16.83667818888358
63.376039081320855,17.0484318106686
63.35589903850099,17.625344119639557
63.33086917475252,18.507305226781295
63.317820447781926,19.565771106177163
63.293160946235915,20.762310755007952
63.27115584644231,21.8888584181254
63.252487745822734,22.67175151663034
63.284199173320516,22.828178694489118
63.275313108047285,22.589153373551692
63.281832177467734,21.711842736682765
63.28691313303541,20.198797061125514
63.28442827469941,18.684564387347784
63.28003572366843,17.869722732074447
63.27974561146216,18.189784233854247
63.2557041591415,19.97827445767498
63.19231932116118,23.247917959830104
63.139629388589654,26.805586597725124
63.08132952742541,29.446175652820074
63.06270070650616,30.304876174211767
63.068031667300644,30.304666065760905
63.07545988955734,28.766377416927117
63.125669782817695,26.898877557509568
63.10798502883121,26.13621125586863
63.12088089135615,26.470004987714784
63.131327790647006,27.18141903727994
63.096503885458006,27.78798222702532
63.13754999230095,27.84854110287091
63.14006963346681,27.457471459307026
63.126611388272195,26.81330732356365
63.16355625173453,26.80097216103367
63.08871525429315,27.951418478084587
63.109547913607045,29.393623678250485
63.08227718955969,30.759766082208817
63.0384394381954,31.636239031788797
63.0348235916823,31.095042894026545
63.091790471899245,27.878711606592532
63.1630039942729,24.68132481145765
63.20488546518645,22.921713354794385
63.228483479972326,22.91202612613821
63.22388679449766,24.79960764797414
63.23735657864667,25.967187170585504
63.20226498027954,27.594214352204737
63.167774280566775,28.826464550081948
63.119963392556585,29.3540731737273
63.107154713539146,29.26000079684001
63.10636523098232,28.150797549799425
63.16642956513404,25.811316859221797
63.20462713679338,23.82759672077112
63.2380514763975,23.474922051029925
63.25744086372562,24.40245807955511
63.2684103061856,24.853650119002385
63.2606307919156,25.846455682591788
63.22798893641398,26.69916333652638
63.19281641279606,26.634016850702988
63.17506662800956,25.89203511101928
63.20311894121458,23.95803571998458
63.24617538766854,21.449354934807676
63.27677735684624,20.03594761077146
63.28595377244365,20.185961994745607
63.276873839504574,21.299885127207627
63.250622425582165,22.517662069472205
63.22638326672548,23.610871133459188
63.191007190353005,24.557482434494126
63.17498557482712,24.651735270320422
63.185511676934155,23.540603376853888
63.212545933880236,21.784461924462814
63.25573493610203,19.768535015760747
63.29233158787444,18.007742046136098
63.303269552240906,17.565858196512945
63.30238454269427,19.068088914443788
63.23681239038369,21.596706216552583
63.170091270177934,23.80835557651422
63.14198710913324,25.057541574236833
63.11597022379108,25.196434533315653
63.1499116925048,24.07550736766379
63.18752150846477,22.6785206630699
63.18738675497859,22.382848156823272
63.17962183744906,23.437135369119126
63.10872896637149,25.223252414417022
63.0916270340082,26.852984895334064
63.05749808987771,28.126230347048416
63.043612402873364,28.14196699594793
63.07347963235843,26.878335332108733
63.09620646485776,25.394993134689955
63.13475830408656,24.59898297803785
63.13621950316961,24.823773848332152
63.123116470434056,26.098891901619357
63.091571390449374,28.17415504518714
63.04051668237982,30.050226503443156
62.989616960611855,30.574313173272543
63.02988655671082,29.253013461418835
63.042634752975616,28.065493238329857
63.09315851959964,26.657656492870995
63.11508775162345,26.24670760030168
63.11904846481893,27.20646374307783
63.11696930512959,29.010545405826605
63.07327082583792,30.374671457072846
63.08958460373783,30.39497127438096
63.06971625213144,29.382361952047955
63.079827062669025,27.776292398312627
63.09958815710375,26.39423291239859
63.096959383034076,26.086069728388193
63.142975089281364,26.859903263565613
63.123208989154435,28.256232591792276
63.158195546014966,29.269120607796175
63.14180266554662,29.9028293568931
63.13519513147055,30.086969434354994
63.14841802245452,29.844226132179475
63.0811230347321,29.589917369989855
63.12253229691872,28.542243746209085
63.11806963343484,28.396016158959004
63.11201085944039,29.038043795102233
63.11603984622515,29.56398850578012
63.11113626494948,30.404455512574188
63.11303516019636,30.881868104065763
63.08497257099471,30.762647832408824
63.070301224183524,30.148116027180937
63.058650673284475,29.1324088710544
63.04890061912555,28.03076280818254
63.041100013693566,27.29455299987594
63.05801507380038,27.21782595516631
63.057402556998156,27.7197967274072
63.062327847534064,28.557289330154706
63.04792228329377,29.685123099697698
63.03783397886177,30.78312418736243
62.983306312760234,31.14731738949661
63.026405728893636,30.326831360853443
63.02383189483406,28.80653075268182
63.01137774873193,27.115299673634055
